-- phpMyAdmin SQL Dump
-- version 4.9.0.1
-- https://www.phpmyadmin.net/
--
-- Host: mysql
-- Generation Time: Nov 30, 2019 at 09:39 PM
-- Server version: 5.7.26
-- PHP Version: 7.2.19

SET SQL_MODE = "NO_AUTO_VALUE_ON_ZERO";
SET AUTOCOMMIT = 0;
START TRANSACTION;
SET time_zone = "+00:00";


/*!40101 SET @OLD_CHARACTER_SET_CLIENT=@@CHARACTER_SET_CLIENT */;
/*!40101 SET @OLD_CHARACTER_SET_RESULTS=@@CHARACTER_SET_RESULTS */;
/*!40101 SET @OLD_COLLATION_CONNECTION=@@COLLATION_CONNECTION */;
/*!40101 SET NAMES utf8mb4 */;

--
-- Database: `seo`
--

--
-- Dumping data for table `article`
--

INSERT INTO `article` (`id`, `article_body`, `creative_work_id`, `created_at`, `updated_at`) VALUES
(1, '<p>De Hackathon die afgelopen weekend (8-10 oktober 2019) heeft plaatsgevonden in het Nwe Faxx te Tilburg was een groot succes. DUODEKA heeft deze Hackathon georganiseerd samen met EIT Digital, Ultrahack, Datacon, VitaBit Software, Interpolis en InnoTractor. De participanten zijn vanuit de hele wereld naar Tilburg gekomen om te laten zien hoe digitalisering voor een betere wereld kan zorgen. In totaal hebben de participerende teams gedurende 48 uur: veel gehackt, gepitcht en weinig geslapen.</p><p>De jury was onder de indruk van de resultaten. Team Interjourney ging er uiteindelijk met de hoofdprijs van door.  De oplossing van Interjourney maakt het voor passagiers van het openbaar vervoer mogelijk om hun reis voorafgaand te plannen (incl. the last mile). Zo kunnen transportbedrijven beter in spelen op de benodigde capaciteit.</p><p>Wij danken alle participanten voor hun deelname!</p><p>Credits naar <a href=\'https://communiteers.nl/\'>Communiteers</a> voor de foto&#8217;s!</p>', 1, NULL, NULL),
(2, '<p>DUODEKa is nu 1 van de 4 officiële Meteor partners in Nederland! Met Meteor bouwen we Javascript webapplicaties die zowel op computer als op mobiele apparaten werken (Android, iOS, Windows Phone). Lees hieronder meer over de werking van MeteorJS.</p>\r\n<h2>MeteorJS framework</h2>\r\n<p>Onze webapplicaties worden boven op het Meteor framework gebouwd. Met de bleeding-edge technologie van het framework zijn onze ontwikkelaars in staat om in een rap tempo applicaties te maken die op elk mobiel apparaat, en de browser, geopend kunnen worden. Uw prototype app kan in zelfs in enkele dagen al klaar zijn voor gebruik.</p>\r\n<p>Dankzij de flexibiliteit van Meteor is het ook mogelijk om na de oplevering van het prototype extra functionaliteiten in te bouwen. Met Meteor is het mogelijk om notificaties te sturen naar de gebruiker en data te synchroniseren tussen apparaten. Bovendien is de performance van Meteor tegenwoordig nog nauwelijks te onderscheiden van Native mobile apps.</p>', 2, NULL, NULL),
(3, '<p><a href=\"https:duodeka.test/\">DUODEKA</a> is hard aan het groeien. Dit heeft zich de afgelopen tijd niet alleen vertaald in een nieuw kantoor, maar ook in een aantal nieuwe medewerkers. Vandaag introduceren wij  Joey aan jullie!</p>\r\n<p><strong>Wie is Joey?</strong></p>\r\n<p><em>Joey: </em>Ik ben Joey Maas, geboren in 1997 en woonachtig in Den Bosch. Mijn hobby’s zijn gamen en vrijwel alles wat met technologie te maken heeft. Ik blijf altijd op de hoogte van al het laatste nieuws op het gebied van programmeren, Artificial Intelligence en robotica. Ook geef ik graag zwemles.</p>\r\n<p><img class=\"alignnone size-full wp-image-3786\" src=\"https://duodeka.nl/app/uploads/2018/05/joey-maas.jpg\" alt=\"\" width=\"500\" height=\"700\" srcset=\"https://duodeka.nl/app/uploads/2018/05/joey-maas.jpg 500w, https://duodeka.nl/app/uploads/2018/05/joey-maas-214x300.jpg 214w\" sizes=\"(max-width: 500px) 100vw, 500px\" /></p>\r\n<p><strong>Wat doe je bij DUODEKA?</strong></p>\r\n<p><em>Joey: </em>Bij DUODEKA ben ik dagelijks bezig met programmeren. Net als Rik, Koen en Wouter ben ik bezig met het maken van applicaties en het aanpassen van de functionaliteiten van de gebouwde applicaties.</p>\r\n<p><strong>Waarom DUODEKA?</strong></p>\r\n<p><em>Joey: </em>Vanuit het UWV ben ik in contact gekomen met DUODEKA. Eerst moest ik een proefperiode van één maand doorlopen. Tijdens de proefperiode heb ik ondervonden dat ze hier een duidelijke structuur hebben en er een fijne sfeer heerst op kantoor. DUODEKA was ook tevreden met mij en heeft mij een contract aangeboden. Over het tekenen van het contract heb ik uiteraard geen seconde getwijfeld.</p>\r\n<p><strong>Wat hoop je te bereiken bij DUODEKA? </strong></p>\r\n<p><em>Joey: </em>Mezelf zo veel mogelijk ontwikkelen. Zo hoop ik beter te worden in plannen en een echte zelfstandige programmeur te worden. Ook wil ik steeds nieuwe informatie tot mij nemen en mijn kennis vergroten.</p>\r\n<p>Nader kennismaken met Joey? Kom eens langs op onze altijd gezellige VrijMiBo!</p>', 3, NULL, NULL),
(4, '<p>Digitalisering en automatisering staan in deze tijden niet meer bovenaan de agenda van MKB+ bedrijven. De meeste processen worden al breed ondersteund door IT systemen. Door het goedkoper worden van geavanceerde IT oplossingen, is de markt overspoeld met apps, services en andere clouddiensten. Dit heeft ertoe geleid dat er meerdere systemen gebruikt worden, maar er geen duidelijk overzicht is van wat al deze losse applicaties doen en welke koppelingen en informatie nodig is om ze te laten werken. Deze ontwikkelingen hebben nieuwe uitdagingen gecreëerd op gebied van informatiemanagement. Namelijk, het ontvlechten van informatiestromen en informatietechnologie.</p>\r\n<p>Als jonge IT ondernemer kom ik vergelijkbare situaties tegen in verschillende industrieën. Bedrijven hebben gelijksoortige problemen, maar ieder hanteert hun eigen “maatwerk” methode om deze problemen te tackelen. Dat deze oplossingen verschillend zijn is logisch, dat geeft een bedrijf immers een eigen gezicht. Echter als je IT gaat zien als bouwstenen voor een oplossing, kun je een hele hoop van deze bouwstenen hergebruiken en onafhankelijk van elkaar vervangen. In een klimaat waar business snel verandert is het belangrijk om snel te kunnen schakelen. Het enige wat je nodig hebt om dit te bereiken is de juiste mindset.</p>\r\n<p>Een van DUODEKA’s startups, Mr. Winston, is een horeca kassasysteem. Toen wij in contact kwamen met de markt, leerden wij dat een kassasysteem meer is dan een registratiesysteem voor bestellingen en rekeningen. Gebruikers zien het kassasysteem als het centrale punt waar informatie wordt uitgewisseld op de werkvloer. Het gaat hier dus ook om onder andere klantenloyaliteit, productinformatie, tafelbezetting, workflow ondersteuning, personeelsplanning en voorraadbeheer. Kortom, een hoop informatie die essentieel is voor de voeding van CRM-systemen, boekhoudsystemen, inkoopsystemen, reserveringssystemen, business intelligence systemen en andere bedrijfskritische systemen.</p>\r\n<p>Microservices</p>\r\n<p>In deze situaties – waar de functionele scope van het IT landschap gigantisch is – is het verstandig om te kijken naar alternatieven voor een traditionele monolithische architectuur. De implementatie van een microservice architectuur zou in deze gevallen een voor de handliggende keuze kunnen zijn, die – wanneer goed geïmplementeerd – zelfs een strategische enabler kan zijn. Dat wil zeggen dat de organisatie gerichter naar haar strategische doelstellingen kan streven.</p>\r\n<p>In agile management technieken wordt er al uitgegaan van korte ontwikkelfases en een veranderlijke business scope; de microservice-architectuur (MSA) is een IT architectuur die hier bij aansluit. Een microservice is een losstaande uitrolbare service die bijvoorbeeld 1 proces of 1 taak automatiseert. Ondanks de aansluiting met nieuwe begrippen zoals DevOps en Continuous Integration, past microservices perfect bij de Unix filosofie zoals deze in 1978 al is gedefinieerd door Douglas McIlroy; “Do one thing, and do it well”. Het lijkt wel alsof we dit de afgelopen jaren vergeten waren.</p>\r\n<p>Door te denken in microservices en een systeem op te delen in componenten blijft de ontwikkeling, implementatie en het onderhoud van het systeem beheersbaar. Iedere component vervult een business functie en doet enkel wat het moet doen, niets meer, niets minder. Dit verhoogt de transparantie en voorkomt een wirwar van informatiestromen. Hoe wordt vastgesteld wat zo’n component doet staat hieronder beschreven.</p>\r\n<p>Gebruik de business voor een duidelijke scope</p>\r\n<p>Een kritieke stap in het ontwerpen van een microservice-architectuur is het definiëren van een duidelijke scope van de services, ofwel het bepalen van de granulariteit. Voor web-services en Service Oriented Architecture (SOA) in het algemeen zijn er al duidelijke richtlijnen geschreven om een scope te definiëren, denk aan service orchestration en service choreography (C. Peltz, 2003). Voor microservice-architectuur is deze afweging echter nog gevoeliger omdat de stap naar een te kleine service (een nanoservice) snel gezet is. Hierbij wegen de voordelen van de aparte service niet op tegen de extra complexiteit die een service ook met zich mee brengt.</p>\r\n<p>Het bepalen van de granulariteit van services is dus een lastige taak voor de IT architect. Het uitgangspunt van DUODEKA is dat de business leidend is. De veroudering van systemen hangt niet zozeer samen met de veroudering van de technologie, maar met een misfit met de business door bijvoorbeeld de verandering van bedrijfsprocessen. Als deze bedrijfsprocessen onafhankelijk zijn vertaald naar IT kunnen deze ook onafhankelijk worden vervangen.</p>\r\n<p>Communicatie</p>\r\n<p>Niet iedere organisatie is ingericht voor het gebruik van microservice-architectuur, in plaats van grote ontwikkelteams die focussen op het gehele IT landschap, richt je al gauw meerdere kleinere teams in, die ieder verantwoordelijk zijn voor een bepaald gedeelte van de scope. Dit betekent wel dat communicatie een uitdaging wordt. Impact Mapping is een strategische planning techniek die wordt gebruikt om bedrijven te helpen met het definiëren van een roadmap voor microservice-architectuur. In veel projecten is het onduidelijk hoe wensen geprioriteerd moeten worden. Met impact mapping breng je in kaart welke impact een nieuwe IT-functie of -dienst heeft op de verschillende gebruikersgroepen, verspreid over verschillende IT systemen. Deze communicatie tool biedt de mogelijkheid om globale business-objectives tussen de verschillende teams af te stemmen.</p>\r\n<p>Ik zal niet beweren dat microservice-architectuur de heilige graal is voor ieder bedrijf om IT ontwikkelingen te organiseren. Echter als je technologisch voorop wil blijven lopen, kapitaal investeringen wilt verplaatsen naar operationele kosten en meerdere IT functies wilt aanbieden, dan biedt een Micro Service Architecture een unieke kans om dit te realiseren. Een architectuur die gedreven wordt door de bedrijfsvoering, zo accelereer je business.</p>\r\n<p>Over de auteur</p>\r\n<p>Wouter van Ooijen, 25 jaar oud, is oprichter van IT-coöperatie DUODEKA en horecasysteem Mr. Winston. Hij startte met programmeren op zijn 12e jaar en is sindsdien niet meer gestopt. Zijn passie voor programmeren is later samen gekomen met een passie voor ondernemen. Binnen DUODEKA en Mr. Winston houdt Wouter zich bezig met de service architectuur van systemen. De achtergrond voor deze rol heeft hij te danken aan zijn studie aan de Universiteit van Tilburg (Bachelor Economie en Informatica en de master Information Management), waar hij zich met name heeft bezig gehouden met de vraag hoe business aansluit op IT en vise versa.</p>\r\n<p>Referenties</p>\r\n<p>McIlroy, M. D., Pinson, E. N., &amp; Tague, B. A. (1978). UNIX Time‐Sharing System: Foreword. Bell System Technical Journal, 57(6), 1899-1904.</p>\r\n<p>Peltz, C. (2003). Web services orchestration and choreography. Computer, 36(10), 46-52.</p>', 4, NULL, NULL),
(5, '<p><em>In deze student entrepreneur vertelt <strong style=\"font-weight: 300;\">Daan Schoofs</strong> hoe hij samen met Dion Duimel, Joseph Rousseau, Koen Lavrijssen, Rik van de Looi en Wouter van Ooijen “DUODEKA” heeft opgericht. Het interview is gemaakt in samenwerking met Starterslift Tilburg, het centrum van Tilburg University voor ondernemende studenten met groot talent en ambitie.</em></p>\r\n<h4>Interview</h4>\r\n<p><strong>Daan Schoofs, kun je in het kort uitleggen wat het bedrijf zoal doet en wat het probeert te bereiken?</strong><br />\r\nIedereen laten profiteren van de mogelijkheden van IT, dat is de missie van DUODEKA. Wij werken intensief samen met partners uit het veld om IT producten te vermarkten en maatwerk software te ontwikkelen vanuit een business-first perspectief. Wij stemmen onze IT producten af op de business met als doel het verbeteren van bedrijfsresultaten.</p>\r\n<p>DUODEKA is een coöperatie bestaande uit een groep jonge Serial Entrepreneurs gespecialiseerd in PHP en JavaScript development. Door de combinatie van ondernemerschap en development kunnen wij ons focussen op Agile software vermarkting en development. Kleine, slimme investeringen doen, in recurring loops, om zo snel mogelijk een passende oplossing te vinden.</p>\r\n<p><strong>Wanneer kwam je met het idee om je eigen bedrijf te beginnen?<br />\r\n</strong>Hoewel ik tijdens mijn studie altijd ondernemend bezig was, ben ik nooit een ondernemer geweest. Richting mijn afstuderen, na het verzamelen van onderzoeksgegevens in Jakarta en tijdens de sollicitatie-processen, besefte ik me dat ik een bepaalde vrijheid wilde waarbinnen ik me volledig zou kunnen focussen op datgene wat ik echt belangrijk vind. Ik heb mezelf toen leren programmeren en begon na te denken over het starten van mijn eigen bedrijf.</p>\r\n<p><strong>Ondernemen vergt natuurlijk een flinke dosis lef. Wat heeft je ertoe gezet om de eerste stap te zetten en te beginnen?<br />\r\n</strong>Toen ik eenmaal had besloten dat ik een eigen bedrijf wilde starten, was ik ervan overtuigd dat als ik klein zou beginnen, mezelf zou omringen met ondernemers, er zich vanzelf mooie kansen zouden voordoen. In de incubator van Starterslift heb ik de jongens ontmoet waarmee we DUODEKA zijn begonnen.</p>\r\n<p><strong>Is het combineren van studeren en ondernemen gemakkelijk te combineren?<br />\r\n</strong>Het opbouwen en doorontwikkelen van een organisatie vergt continue aandacht. De combinatie tussen studie en ondernemen is uitdagend. Het brengt een enorme drain op je resources teweeg. Je hebt simpelweg minder FTE beschikbaar.</p>\r\n<p><strong>Wat is het belangrijkste dat je hebt geleerd tijdens het ondernemen dat je niet tijdens je studie kan leren?<br />\r\n</strong>De waarde van ‘gewoon beginnen’. In de universitaire wereld worden wij aangeleerd om alles eerst extensief te beredeneren. Hierdoor wordt echter vergeten dat ondernemen ook vooral doen is en dat door zo snel mogelijk met je potentiële klantengroep in contact te komen de meest waardevolle inzichten ontstaan.</p>\r\n<p><strong>Welke vaardigheden heb je tijdens je studie vergaard die je nu gebruikt in je dagelijkse activiteiten voor DUODEKA?<br />\r\n</strong>Ondernemen in IT is niet echt wat je wordt aangeleerd bij de studie Bestuurskunde aan de Tilburg University, maar de focus van Bestuurskunde op structuren, processen en regelgeving helpt mij nog dagelijks bij de inrichting van onze organisatie. Extra-curriculaire activiteiten hebben mij vaardigheden aangeleerd op het gebied van project- en teammanagement en strategie ontwikkeling. Deze kennis en vaardigheden zijn onmisbaar als je een groep mensen in een organisatie wilt veranderen.</p>\r\n<p><strong>Hoe zie je de toekomst van DUODEKA?<br />\r\n</strong>DUODEKA is een platform voor (jonge) technische ondernemers waarbinnen iedereen zijn eigen spotlight verdient. Met die focus zullen wij onze organisatie internationaal uitbreiden en uitrollen. DUODEKA is een omgeving waarbinnen we continue op zoek zijn naar nieuwe mogelijkheden voor IT Ventures. Door onze ondernemende en commerciële achtergrond centraal te stellen zullen wij steeds meer organisaties kunnen laten profiteren van de mogelijkheden van IT.</p>\r\n<p><strong>Heb je nog een goed advies voor starters of studenten die voor zichzelf willen beginnen?</strong></p>\r\n<blockquote><p><strong>“Stop met plannen, ga gewoon beginnen.”</strong> (Daan Schoofs)</p></blockquote>\r\n<p>Credits: <a href=\"https://faces-online.nl/duodeka-profiteren-mogelijkheden-it/\" target=\"_blank\" rel=\"noopener noreferrer\">faces-online.nl</a></p>', 5, NULL, NULL),
(6, '<p>Gebruiksvriendelijke en kosteloze software die het management meer inzicht geeft in praktische en administratieve zaken, het klinkt haast te mooi om waar te zijn. De DUODEKA coöperatie heeft met steun van haar Backbone studenten een plannings- en urenregistratiesysteem ontwikkeld, waar ook jouw bedrijf gebruik van kan en mag maken.</p>\r\n<p>Al sinds de oprichting van de DUODEKA coöperatie bestaat er behoefte aan een systeem om arbeidsuren te kunnen bijhouden en meer inzicht te krijgen in de taken van het management. Het systeem dat eerst werd gebruikt door DUODEKA voldeed niet meer aan de vraag. Een groeiend aantal werknemers en de behoefte aan meer inzicht zorgden voor een verlangen naar een beter systeem. Kortom, er moest een systeem ontwikkeld worden om meer inzicht te krijgen in praktische en administratieve zaken. Denk hierbij aan zaken als <i>welke taken vergen de meeste tijd? </i>of <i>welke uren zijn declarabel?</i></p>\r\n<p>De vraag naar een nieuw systeem is neergelegd bij de studenten van onze Backbone opleiding. De Backboners zijn aan de slag gegaan met de case en zijn met een oplossing gekomen: samen hebben zij Replan ontwikkeld. Replan is niet alleen technisch uitmuntend, maar sluit ook perfect aan op onze bedrijfsprocessen. Een bijkomstig voordeel is dat Replan kosteloos gebruikt kan worden, hetgeen op lange termijn kostenbesparing oplevert. Bovendien is Replan gestandaardiseerd, zodat het ook bij jouw bedrijf ingezet kan worden.</p>\r\n<p>Ben jij benieuwd naar Replan? Dan hebben wij een demo voor jou beschikbaar. Neem een kijkje op replan.duodeka.nl! Heb jij ook interesse in het krijgen van meer inzicht in jouw werknemers? En zou jij graag helemaal <b>gratis </b>gebruik willen maken van Replan? Neem dan contact met ons op!</p>', 6, NULL, NULL),
(7, '<p><a href=\"https:duodeka.test/\">DUODEKA</a> is hard aan het groeien. Dit heeft zich de afgelopen tijd niet alleen vertaald in een nieuw kantoor, maar ook in een aantal nieuwe medewerkers. Vandaag introduceren wij David aan jullie!</p>\r\n<p><strong>Wie is David?</strong></p>\r\n<p><em>David</em>: Mijn naam is David Schulpen, ik ben negentien jaar en studeer Communicatie &amp; Informatiewetenschappen aan de Universiteit van Tilburg. Doordeweeks ben ik woonachtig op kamers in Tilburg, in het weekend ben ik meestal in mijn geboorteplaats Sittard. Binnen mijn opleiding volg ik de specialisatie Bedrijfscommunicatie- en Digitale Media, zo hoop ik mijzelf klaar te stomen voor een carrière in de marketing. Ook ben ik fanatiek voetbalsupporter en schrijf hierover op <a href=\"https://www.indehekken.net/\">In de Hekken</a>.</p>\r\n<p><img class=\"alignnone size-full wp-image-3754\" src=\"https://duodeka.nl/app/uploads/2018/05/david.jpg\" alt=\"\" width=\"500\" height=\"700\" srcset=\"https://duodeka.nl/app/uploads/2018/05/david.jpg 500w, https://duodeka.nl/app/uploads/2018/05/david-214x300.jpg 214w\" sizes=\"(max-width: 500px) 100vw, 500px\" /></p>\r\n<p><strong>Wat doe jij bij DUODEKA?</strong></p>\r\n<p><em>David</em>: Sinds ongeveer twee maanden geleden loop ik stage als (online) marketeer bij DUODEKA. Dagelijks ben ik bezig met het bijhouden van de Sociale Media kanalen, het schrijven van blogs, website teksten en nieuwsbrieven, Google Analytics, SEO en probeer ik DUODEKA onder de aandacht te brengen in de media.</p>\r\n<p><strong>Waarom DUODEKA?</strong></p>\r\n<p><em>David: </em>Om mezelf naast mijn opleiding in de praktijk te ontwikkelen ben ik op eigen initiatief op zoek naar een stageplaats gegaan. Na oorspronkelijk gesolliciteerd te hebben bij Bobmail, bracht Bob van Bobmail mij in contact met de mannen van DUODEKA. Bij DUODEKA waren ze op zoek naar een stagiair (online) marketing. Deze taak vul ik sinds eind januari in. DUODEKA is een fris bedrijf waarvan het management volledig bestaat uit jonge ondernemers. Ik krijg veel vrijheid, maar wordt ook gestuurd waar nodig. In deze omgeving kan ik mezelf ideaal ontwikkelen!</p>\r\n<p><strong>Wat hoop je te bereiken bij DUODEKA? </strong></p>\r\n<p><em>David: </em>In de eerste plaats hoop ik de komende zes maanden te gaan knallen op het gebied van (online) marketing. Na afloop van deze zes maanden zullen we zien wat de toekomst brengt.</p>\r\n<p>Nader kennismaken met David? Kom eens langs op onze altijd gezellige VrijMiBo!</p>', 7, NULL, NULL),
(8, '<p>Jij wilt meer weten over het <strong>Minimum Viable Product</strong>, grote kans dat je ook geïnteresseerd bent in de<strong><a href=\"https://duodeka.nl/lean-startup-methode/\"> Lean Startup Methode</a></strong>. Dan is het waarschijnlijk beter om eerst ons <strong><a href=\"https://duodeka.nl/lean-startup-methode/\">blog over de Lean Startup Methode</a></strong> te lezen. In dit blog vertellen wij jou alles over specifiek met Minimum Viable Product.</p>\r\n<p>Het Minimum Viable Product wordt anno 2019 door een hoop bedrijven gebruikt om hun bedrijfsidee te toetsen (bijvoorbeeld wanneer men de Lean Startup Methode gebruikt). Maar wat is een Minimum Viable Product (MVP) nou precies?</p>\r\n<h2>Wat is een Minimum Viable Product?</h2>\r\n<p>Een MVP wordt vaak vergeleken met een prototype. Echter, een MVP is niet exact hetzelfde als een prototype. Een MVP is een product dat klaar is om door te groeien: een product met een absoluut minimum aan functionaliteiten, waarmee de levensvatbaarheid van het product kan worden getoetst. Een bedrijf kan met een MVP beoogde potentiële klanten benaderen en vragen om feedback. Is de feedback positief? Ga dan door met het ontwikkelen van het product. Is de feedback negatief? Dan zullen er de nodige aanpassingen nodig zijn of het product is in zijn geheel niet levensvatbaar.</p>\r\n<p>Eric Ries definieert in zijn boek De Lean Startup het begrip Minimum Viable Product perfect: “<em>Het Minimum Viable Product is de versie van een product die een team gebruikt om er het maximale aantal leerpunten over gebruikers uit te trekken, met minimale inspanning</em>.”</p>\r\n<h2>Feedback vergaren</h2>\r\n<p>Je kunt je MVP toetsen door beoogde potentiële klanten te benaderen, maar denk ook aan bijvoorbeeld investeerders. Kies een aantal collega ondernemers uit je netwerk die behoren tot je potentiële doelgroep, en vraag hen simpelweg of ze je product (MVP) willen reviewen.</p>\r\n<h2>Hulp nodig?</h2>\r\n<p>Wil jij jouw bedrijfsidee ook toetsen middels een MVP? Neem gerust <a href=\"https://duodeka.nl/contact\">contact</a> met ons op, dan kijken wij wat wij voor jou kunnen betekenen.</p>', 8, NULL, NULL),
(9, '<p><b>Ben jij of ken jij iemand die ontzettend veel tijd en geld heeft geïnvesteerd in eigen maatwerk software? Maar ontbreekt het inzicht in de kwaliteit van deze software? Dan ben je bij ons op het juiste adres. Wij doen een software kwaliteitscontrole, waarbij wij uitgebreid de kwaliteit van jouw software controleren. Ook nemen wij de toekomstbestendigheid van jouw software onder de loep. Vervolgens leveren we een rapport met analyse en aanbevelingen waarbij zowel op de techniek als op het proces is gelet. </b></p>\r\n<h1><b>Vraagtekens bij software kwaliteit</b></h1>\r\n<p>Veel bedrijven hebben hun eigen op maat geproduceerde <a href=\"https://nl.wikipedia.org/wiki/Software\">software</a> laten ontwikkelen door een derde partij (<a href=\"https://duodeka.nl/standaard-of-maatwerk-software/\">niet helemaal duidelijk wat het verschil is tussen maatwerk en standaard software?</a>). Wanneer de software uiteindelijk geleverd wordt, is het voor de opdrachtgever vaak lastig om de <strong>kwaliteit</strong> van de geleverde software te <strong>bepalen</strong>. Wanneer dit het geval is, willen wij van DUODEKA jou graag de helpende hand bieden met een <strong>software kwaliteitscontrole</strong>.</p>\r\n<p><img class=\"aligncenter wp-image-2545 size-full\" src=\"https:duodeka.test/app/uploads/2018/04/Software-kwaliteitcontrole-1.png\" alt=\"Software kwaliteitscontrole\" width=\"700\" height=\"147\" srcset=\"https://duodeka.nl/app/uploads/2018/04/Software-kwaliteitcontrole-1.png 700w, https://duodeka.nl/app/uploads/2018/04/Software-kwaliteitcontrole-1-250x53.png 250w, https://duodeka.nl/app/uploads/2018/04/Software-kwaliteitcontrole-1-120x25.png 120w\" sizes=\"(max-width: 700px) 100vw, 700px\" /></p>\r\n<h2><b>Software kwaliteitscontrole</b></h2>\r\n<p>We gaan, wanneer jij hier behoefte aan hebt, van start met een <strong>vrijblijvende kennismaking</strong>. Tijdens de kennismaking kun jij ons alles vertellen over jouw business, zodat wij hier voldoende inzicht in krijgen. Vervolgens doen wij een<strong> uitgebreide controle</strong> op de kwaliteit van jouw software. Ook analyseren wij de <strong>toekomstbestendigheid</strong> van jouw software. Wij kijken hierbij zowel naar de techniek als het proces. <a href=\"https://duodeka.nl\">DUODEKA </a>bestaat uit jonge technische ondernemers, die over zowel veel kennis van business als van programmeren beschikken. Wij gaan jouw software niet alleen op technische aspecten controleren, maar juist ook vanuit een <strong>business-perspectief</strong>.</p>\r\n<p>Ook zullen wij rekening houden met zaken als schaalbaarheid, overdraagbaarheid en project management processen. Deze begrippen komen voor jou, in relatie met software, wellicht onduidelijk over. Echter, wij zullen aan jou na onze eerste afspraak duidelijk toelichten wat wij met oog op jouw business belangrijk vinden. Wellicht komen we dan gezamenlijk tot de conclusie dat de schaalbaarheid van jouw software aan verbetering toe is. Dit houdt in dat jouw software, bij de groei van jouw bedrijf, niet meer in staat is om naar wens te functioneren. Vaak wordt er bij het ontwerpen van software te weinig rekening gehouden met de schaalbaarheid. Wij zorgen ervoor dat jouw software in de toekomst altijd in staat is de werklast efficiënt te verwerken. Wanneer dit achter de rug is, leveren wij een <strong>overzichtelijk</strong> en <strong>laagdrempelig</strong> rapport met analyse en aanbevelingen.</p>\r\n<p><img class=\"aligncenter wp-image-1471 size-full\" src=\"/app/uploads/2017/12/THAR-fotoshoot-1200X800-e1512750915248.jpg\" alt=\"Software kwaliteitscontrole\" width=\"719\" height=\"408\" /></p>\r\n<h4><b>Verbetering kwaliteit software</b></h4>\r\n<p>Mocht er gezamenlijk tot de conclusie gekomen worden dat de software toe is aan vervanging of innovatie, kun je ons hier ook voor inschakelen. Vanuit een business-first perspectief gaan wij voor jou aan de slag, waarbij wij onszelf altijd blijven afvragen of iets ontwikkeld MOET worden, in plaats van of iets ontwikkeld KAN worden.</p>\r\n<p>Plaats jij ook vraagtekens bij de kwaliteit van jouw software? En heb jij behoefte aan een software kwaliteitscontrole? Neem gerust <a href=\"https://duodeka.nl/contact\">contact</a> met ons op, dan plannen we samen een vrijblijvende eerste koffie afspraak in!</p>\r\n<p>Naast het doen van software kwaliteitscontroles, kun je ons inschakelen voor al jouw IT-gerelateerde problemen en uitdagingen. <a href=\"https://duodeka.nl\">DUODEKA</a> treedt bijvoorbeeld op als IT consultant of als ontwikkelaar van maatwerk software.</p>', 9, NULL, NULL),
(10, '<p>IT problemen zijn vaak een bron van frustratie binnen een bedrijf. Een sterke groei doormaken, maar geremd worden door achterblijvende IT. Werknemers die veel tijd verliezen aan het ondersteunen van collega’s waarbij het schort aan digitale vaardigheden. Hoge kosten door een externe leverancier die op regelmatige basis langs moet komen om IT problemen op te lossen. Het zijn herkenbare problemen voor bijna alle bedrijven.</p>\r\n<p>Uit een onderzoek van van Deursen en van Dijk (2012) blijkt dat in Nederland maar liefst 7.6% van de werktijd verloren gaat aan het oplossen van IT-gerelateerde problemen. Wekelijks gaat er dus een behoorlijke hoeveelheid tijd, geld en energie verloren aan <a href=\"https://overhetnieuwewerken.nl/negen-van-de-tien-werknemers-kampen-met-it-problemen/?vakmedianet-approve-cookies=1&amp;_ga=2.214805655.1820381622.1546947341-2045250931.1546947341\">IT problemen</a>. Om het bovenstaande percentage meer concreet te maken: uit de steekproef van het onderzoek van van Deursen en van Dijk blijkt dat werknemers gemiddeld 1.7 keer per week te kampen hebben met een IT-gerelateerd probleem.</p>\r\n<p>&nbsp;</p>\r\n<p><img class=\"alignnone size-medium wp-image-2232\" src=\"https:duodeka.test/app/uploads/2018/06/neonbrand-618320-unsplash-250x156.jpg\" alt=\"Herkenbare IT-problemen\" /></p>\r\n<p>Regelmatig weten werknemers de problemen na verloop van tijd zelf op te lossen en soms moet de hulp van een collega worden ingeschakeld, maar het inschakelen van een helpdesk blijft de meest voorkomende oplossing: een tijdrovend proces. Echter, sommige IT-problemen zijn groter van aard: ze keren op regelmatige basis terug of kunnen niet zomaar opgelost worden. Ruim een op de vijf respondenten van het onderzoek van van Deursen en van Dijk (2012) geeft aan dat het bedrijf waar hij of zij werkzaam is de ICT-omgeving structureel niet op orde heeft.</p>\r\n<h3><strong>Herkenbare IT problemen</strong></h3>\r\n<p>Een met regelmaat terugkerende oorzaak van IT problemen ontstaat wanneer een bedrijf een flinke groei door maakt. De IT groeit niet mee en opschaling is vaak niet mogelijk. Ook behoefte aan uitbreiding van de mogelijkheden van de huidige software is een herkenbaar IT-probleem voor veel bedrijven. Problemen met CRM en ERP systemen zijn eveneens herkenbaar voor veel bedrijven. Wanneer een externe leverancier regelmatig langs moet komen om de problemen op te lossen, stapelen de kosten zich behoorlijk op.</p>\r\n<blockquote>\r\n<p style=\"text-align: center;\"><a href=\"https://duodeka.nl/cases/e-learning-platform/\"><em>E-learning THAR</em></a><br />\r\n<em><a href=\"https://www.tharuitgeverij.nl/\">THAR</a>, ontwikkelaar van digitaal lesmateriaal, had groeiende ambities. Echter, de softwareleverancier van THAR kon deze groei niet bijbenen. Het geremd worden in groei door deze IT problematiek was een groot probleem voor het bedrijf. THAR ging op zoek naar een nieuwe software ontwikkelaar, en kwam terecht bij DUODEKA. Vanaf dat moment kon THAR zich bezighouden met hetgeen waar ze echt goed in zijn.</em></p>\r\n</blockquote>\r\n<h3><strong>De oplossing</strong></h3>\r\n<p>Veel bedrijven willen het verliezen van kostbare tijd aan IT problemen tegengaan met bijvoorbeeld een cursus digitale vaardigheden voor hun personeel, ze vertrouwen op de helpdesk of leggen zich erbij neer dat de externe leverancier regelmatig langs moet komen. Echter, een structurele oplossing zal je op lange termijn heel veel geld besparen.</p>\r\n<p><img class=\"alignnone wp-image-2235 size-medium\" src=\"https:duodeka.test/app/uploads/2018/06/stefan-stefancik-257625-unsplash-250x156.jpg\" alt=\"\" width=\"250\" height=\"156\" /></p>\r\n<p>&nbsp;</p>\r\n<p>Is een van de bovenstaande problemen herkenbaar voor jou? Of loop je tegen andere IT problemen aan? Neem dan gerust contact op met <a href=\"https://duodeka.nl/contact\">DUODEKA</a>, de IT specialist in regio Tilburg. Je kunt ons benaderen voor specifieke vragen over de IT-omgeving van jouw bedrijf, of juist voor een meer <a href=\"https://duodeka.nl/software-kwaliteit-controle/\"><strong>algemene kwaliteitschecks</strong></a> op jouw software. Dan proberen wij vast te stellen waar de problemen liggen binnen jouw IT omgeving. Voor grote <a href=\"http://www.duodeka.nl\">IT projecten</a> zijn wij ook benaderbaar.</p>\r\n<p>Weet je eigenlijk helemaal niet wat je precies wil? Maar heb je wel het gevoel dat er meer winst te halen valt uit IT? Ook dan ben je van harte welkom bij ons. We gaan van start met een vrijblijvende koffie-afspraak, waar je alles aan ons kunt vertellen over jouw business en software. <a href=\"https://duodeka.nl/contact\">Klik hier voor onze contactpagina</a>.</p>\r\n<p>Vond je deze blog interessant? Dan vind je ons blog over de keuze tussen standaard en maatwerk software vast ook interessant. Lees hem <a href=\"https://duodeka.nl/standaard-of-maatwerk-software/\"><strong>hier</strong></a>!</p>', 10, NULL, NULL),
(11, '<p><a href=\"https://personalprotein.nl/\">Personal Protein</a> is een Amsterdamse start-up die zich specialiseert in het leveren van neutrale (niet-gesmaakte) eiwitten. Personal Protein heeft de ambitie om zowel de B2C als de B2B markt te gaan veroveren. <a href=\"http://www.duodeka.nl\">DUODEKA</a> heeft voor Personal Protein een maatwerk webshop ontwikkeld waarmee dit doel bereikt moet gaan worden.</p>\r\n</div>\r\n<div>\r\n<h2>De vraag van Personal Protein</h2>\r\n<p>Personal Protein produceert al jaren miljoenen kilo’s aan eiwitpoeder voor partijen als Friesland Campina. Om hun business op te schalen wilde het bedrijf ook direct aan consumenten gaan verkopen. Om deze reden was er behoefte aan een maatwerk webshop.</p>\r\n<p><img class=\"alignnone size-large wp-image-3717\" src=\"https://duodeka.nl/app/uploads/2019/07/Kopie-van-mobile-1024x803.png\" alt=\"Personal Protein webshop\" width=\"1024\" height=\"803\" srcset=\"https://duodeka.nl/app/uploads/2019/07/Kopie-van-mobile-1024x803.png 1024w, https://duodeka.nl/app/uploads/2019/07/Kopie-van-mobile-300x235.png 300w, https://duodeka.nl/app/uploads/2019/07/Kopie-van-mobile-768x602.png 768w, https://duodeka.nl/app/uploads/2019/07/Kopie-van-mobile.png 1536w\" sizes=\"(max-width: 1024px) 100vw, 1024px\" /></p>\r\n</div>\r\n<div>\r\n<h2>De Oplossing</h2>\r\n<p>Ten eerste zijn alle functionaliteiten die Personal Protein graag wil behouden, verbeteren en toevoegen in kaart gebracht. In samenwerking met de designers van Personal protein is er een maatwerk design gemaakt. Tot slot is het technische ontwerp opgesteld. De gebruiksvriendelijkheid wordt middels deze stappen gewaarborgd. Cyclisch hebben DUODEKA en Personal Protein naar het eindresultaat toegewerkt.</p>\r\n</div>\r\n<div>\r\n<h2>Ontwikkeling &amp; transformatie bedrijfmodel</h2>\r\n<p>Met de nieuwe maatwerk webshop kan Personal Protein grote stappen zetten in het verwezenlijken van hun ambitie om de B2C en B2B te veroveren.</p>', 11, NULL, NULL),
(12, '<p><strong>Bij het afnemen van websoftware komt men voor een belangrijke beslissing te staan: gaan we voor standaard softwarepakketten of voor maatwerk? Zo’n standaard pakket wordt tegenwoordig ook wel SaaS genoemd, mits het online wordt aangeboden. Standaard en maatwerk software hebben beide hun voor- en nadelen. Dit artikel weegt de voor- en nadelen van standaard en maatwerk software af, waardoor jou hopelijk de ondersteuning wordt geboden die je nodig hebt bij het maken van de juiste beslissing. Werken met standaard of maatwerk software?</strong></p>\r\n<p><img class=\"alignnone size-large wp-image-2564\" src=\"https://duodeka.nl/app/uploads/2018/06/image-2018-06-19-700x466.png\" alt=\"Standaard of maatwerk software\" width=\"700\" height=\"466\" srcset=\"https://duodeka.nl/app/uploads/2018/06/image-2018-06-19-700x466.png 700w, https://duodeka.nl/app/uploads/2018/06/image-2018-06-19-250x167.png 250w, https://duodeka.nl/app/uploads/2018/06/image-2018-06-19-768x512.png 768w, https://duodeka.nl/app/uploads/2018/06/image-2018-06-19-120x80.png 120w, https://duodeka.nl/app/uploads/2018/06/image-2018-06-19-272x182.png 272w, https://duodeka.nl/app/uploads/2018/06/image-2018-06-19.png 896w\" sizes=\"(max-width: 700px) 100vw, 700px\" /></p>\r\n<p>&nbsp;</p>\r\n<h3><strong>Wat is Standaard Software (SaaS)?</strong></h3>\r\n<p>Standaard softwarepakketten zijn softwarepaketten die online (via het internet) worden aangeboden, deze noemen we ook wel SaaS. De gebruiker hoeft de software niet voor een vast bedrag aan te schaffen, maar betaalt (bijvoorbeeld maandelijks) voor het gebruik van de software. De klant kan besparen op software investeringen, hardware- en personeelskosten. Deze kosten worden betaald door de leverancier en dus doorberekend aan de afnemer. Denk bijvoorbeeld aan: Google Drive, Hotmail of Exact Online.</p>\r\n<h4>Voordelen standaard software (Saas)</h4>\r\n<p>De belangrijkste voordelen voor jou als eindgebruikers zijn hier samengevat:</p>\r\n<ul style=\"list-style-type: disc;\">\r\n<li><strong>Gebruiksgemak</strong>; vaak is jouw pakket met enkele klikken al klaar voor gebruik. Je hoeft als afnemer geen software te installeren.</li>\r\n<li><strong>Lagere opstartkosten</strong>; er zijn geen grote kapitaal investeringen nodig, hetgeen SaaS ideaal maakt om laagdrempelig te testen.</li>\r\n<li><strong>Pay-per-use</strong>; indien gewenst kan je SaaS makkelijk opschalen. Vaak betaal je per gebruiker, wat dus betekent dat je niet onnodig veel betaald.</li>\r\n<li><strong>Minder verantwoordelijkheid</strong>; de leverancier is verantwoordelijk voor zaken zoals back-up’s, security en onderhoud aan de soft-en hardware. Ook bij fouten zal de leverancier zorgen voor disaster recovery.</li>\r\n</ul>\r\n<h4>Nadelen standaard software (SaaS)</h4>\r\n<p>Natuurlijk zijn er ook een aantal nadelen te noemen, zoals:</p>\r\n<ul style=\"list-style-type: disc;\">\r\n<li><strong>Aanpasbaarheid</strong>; omdat het een standaard pakket is zal de bedrijfsvoering moeten worden aangepast naar de software. Dit kan betekenen dat jouw processen (volledig) op de schop moeten. Een bijkomend voordeel is dan wel dat je ze direct kan optimaliseren!</li>\r\n<li><strong>Toepasbaarheid</strong>; veel standaard pakketten dienen een specifieke taak of afdeling, waardoor je in de praktijk meerdere pakketten nodig hebt om je bedrijf te runnen. Meer diversiteit neemt uiteraard ook complexiteit met zich mee. Bij te veel pakketten kan het onhandig en duur worden.</li>\r\n<li><strong>Afhankelijkheid</strong>; je bent afhankelijk van een leverancier, waardoor mogelijk een vendor lock-in kan ontstaan. Dit kan met name vervelend zijn als de leverancier failliet gaat, maar bijvoorbeeld ook zodra jij wilt opschalen en de leverancier enorm hoge prijzen hanteert.</li>\r\n</ul>\r\n<p><img class=\"aligncenter wp-image-2230 size-large\" src=\"https:duodeka.test/app/uploads/2018/06/jeshoots-com-219388-unsplash-700x438.jpg\" alt=\"\" width=\"700\" height=\"438\" /></p>\r\n<p>Verder zijn er naast deze voor-en nadelen ook nog andere redenen om wel/niet voor SaaS te kiezen. <em>Want hoe zit dat nu met de data? Waar staat jouw data opgeslagen? Wie verwerkt het? Wat wordt er verwerkt en met welk doel?</em> Allemaal vragen waar jij in het kader van de <a href=\"https://autoriteitpersoonsgegevens.nl/nl/onderwerpen/avg-europese-privacywetgeving/algemene-informatie-avg\">AVG</a> sinds dit jaar aan een helder antwoord op moet kunnen geven.</p>\r\n<p>Kortom, standaard software (SaaS) is doorgaans goedkoper (met name bij relatief weinig gebruikers), sneller en gemakkelijker te implementeren. Maar Of SaaS onder de streep echt goedkoper is zal afhangen van hoe groot de investering is bij maatwerk. Verderop in dit artikel wordt dit duidelijker met een leuk voorbeeld.</p>\r\n<p><img class=\"aligncenter wp-image-2570 size-large\" src=\"https:duodeka.test/app/uploads/2018/06/icons-for-website-01-700x518.png\" alt=\"Maatwerk software\" width=\"700\" height=\"518\" srcset=\"https://duodeka.nl/app/uploads/2018/06/icons-for-website-01-700x518.png 700w, https://duodeka.nl/app/uploads/2018/06/icons-for-website-01-250x185.png 250w, https://duodeka.nl/app/uploads/2018/06/icons-for-website-01-768x568.png 768w, https://duodeka.nl/app/uploads/2018/06/icons-for-website-01-120x89.png 120w, https://duodeka.nl/app/uploads/2018/06/icons-for-website-01.png 1124w\" sizes=\"(max-width: 700px) 100vw, 700px\" /></p>\r\n<h3><strong>Wat is Maatwerk Software?</strong></h3>\r\n<p>Maatwerk software is software die geheel naar wens van de afnemers wordt ontworpen. In tegenstelling tot standaard pakketten wordt maatwerk software perfect afgestemd op je wensen en processen. De voor-en nadelen zijn hier op een rijtje gezet.</p>\r\n<h4>Voordelen maatwerk software</h4>\r\n<ul style=\"list-style-type: disc;\">\r\n<li><strong>Aanpasbaarheid</strong>; aansluiting van IT op jouw bedrijf is makkelijk te realiseren. De software wordt haarfijn uitgelijnd met jouw bedrijfsprocessen, mits je een goede IT leverancier hebt natuurlijk!</li>\r\n<li><strong>Beheersbaarheid</strong>; je bent zelf in beheer van je data. Dit maakt het dat buitenlandse wetgevingen niet van toepassing zijn zolang jij geen business doet in desbetreffende landen. Denk aan: De Amerikaanse <a href=\"https://nl.wikipedia.org/wiki/USA_PATRIOT_Act\">Patriot Act</a> en de <a href=\"https://nl.wikipedia.org/wiki/Sarbanes-Oxley\">Sarbanes-Oxley Act</a> die van toepassing zijn zodra jij je data opslaat in Amerika.</li>\r\n<li><strong>Flexibiliteit</strong>; jij bent, samen met je ontwikkelaars, eigenaar van het proces. Zo kan je zelf kiezen welk pad je bewandelt.</li>\r\n</ul>\r\n<h4>Nadelen maatwerk software</h4>\r\n<ul style=\"list-style-type: disc;\">\r\n<li><strong>Relatief hoge opstartkosten</strong>; de software wordt speciaal voor jou gemaakt en afgestemd op je bedrijfsvoering. De ontwikkelkosten worden gedragen door jou, in plaats van door talloze gebruikers op een SaaS platform. Verder zijn mogelijk de implementatie en/of trainingskosten ook voor rekening van de afnemer.</li>\r\n<li><strong>Hogere onderhoudskosten</strong>; voor o.a. updates, bug fixes en back-up’s.</li>\r\n<li><strong>Beheershaarbeid</strong>; dit is zowel een voor als nadeel. Het zelf regelen van je hardware, security, privacy neemt hogere kosten met zich mee, evenals een hoger risico.</li>\r\n</ul>\r\n<h3>Standaard of maatwerk software?</h3>\r\n<p>Het moge duidelijk zijn dat standaard en maatwerk software beide de nodige voor- en nadelen hebben. Het kiezen tussen beide is niet eenvoudig en hangt grotendeels af van zaken als je huidige (bedrijfs)omgeving, processen, toekomstwensen en budgetten. Je kan stellen dat de keuze, standaard of maatwerk software, een afweging is tussen kosten en risico’s, maar zo eenvoudig is het nog niet. Het is essentieel om stil te staan bij de vraag: <em><strong>Hoe kritisch is IT voor mijn bedrijfsvoering?</strong> </em>Verder is ook de afweging tussen eigen verantwoordelijkheid of het gemak van een leverancier waar je op terug kan vallen is een belangrijke factor in de beslissing. Wij hopen jou te hebben kunnen helpen met deze lastige beslissing: standaard of maatwerk software?</p>\r\n<p>Dit voorbeeld is een Nederlandse vertaling en tevens samenvatting van een artikel (standaard of maatwerk software) geschreven door onze eigen <a href=\"https://backbone.work/\"><strong>Backbone Works</strong></a> trainee Guido de Waal.</p>\r\n<h3><img class=\"aligncenter wp-image-1813 size-large\" src=\"https:duodeka.test/app/uploads/2018/04/backbone_logo-700x577.png\" alt=\"\" width=\"700\" height=\"577\" srcset=\"https://duodeka.nl/app/uploads/2018/04/backbone_logo-700x577.png 700w, https://duodeka.nl/app/uploads/2018/04/backbone_logo-250x206.png 250w, https://duodeka.nl/app/uploads/2018/04/backbone_logo-768x633.png 768w, https://duodeka.nl/app/uploads/2018/04/backbone_logo-120x99.png 120w, https://duodeka.nl/app/uploads/2018/04/backbone_logo.png 807w\" sizes=\"(max-width: 700px) 100vw, 700px\" />Voorbeeld: standaard of maatwerk software?</h3>\r\n<p>Bij <a href=\"https://duodeka.nl\"><strong>DUODEKA</strong> </a>hebben wij de behoefte om onze uren te kunnen registreren op klant, project en activiteit niveau. Ook wij zijn geconfronteerd met de vraag: standaard of maatwerk software? Hiervoor hebben wij in 2016 een standaard/SaaS oplossing gekozen (TimeChimp). Deze oplossing kostte ons per gebruiker 4 euro per maand. Op dat moment hadden wij slechts 6 gebruikers waardoor de maandelijkse kosten gering waren. Echter zijn wij steeds verder gaan groeien waardoor we op dit moment 20 gebruikers zouden hebben. Met een simpele rekensom kom je er dan achter dat de kosten zouden oplopen tot circa 1000 euro per jaar. Daarom hebben we ervoor gekozen om over te gaan op een maatwerkoplossing. Dit kost eenmalig wat meer tijd en geld om te implementeren, maar op de lange termijn drukken we de kosten. Bovendien sluit het nog net iets beter aan op onze wensen. De maatwerk oplossing is te bekijken op <a href=\"https://replan.duodeka.com/\">replan.duodeka.com</a> en zal binnenkort ook beschikbaar zijn voor uw bedrijf. Neem <a href=\"https://duodeka.nl/contact\">contact </a>op voor de mogelijkheden.</p>\r\n<p>Kosten van de standaard oplossing:<br />\r\n2016: 6 gebruikers * 12 maanden * 4 € = 288 €<br />\r\n2017: 12 gebruikers * 12 maanden * 4 € = 576 €<br />\r\n2018: 20 gebruikers * 12 maanden * 4 € = 960 €</p>\r\n<p>Vond je dit blog interessant? En heeft het je misschien zelfs wel geholpen met een de keuze: standaard of maatwerk software? Dan vind je ons blog over <a href=\"https://duodeka.nl/verliezen-door-it-problemen/\"><strong>veelvoorkomende IT-problemen</strong></a> wellicht ook leuk om te lezen.</p>\r\n<p>Wil jij ook verder groeien met jouw bedrijf? En verwacht jij om deze reden standaard of maatwerk software te moeten implementeren? Wij van DUODEKA helpen jouw graag. Je kunt ons inschakelen voor IT-Consultancy en het ontwikkelen van <a href=\"http://www.duodeka.nl\">maatwerk software</a>.</p>', 12, NULL, NULL);
INSERT INTO `article` (`id`, `article_body`, `creative_work_id`, `created_at`, `updated_at`) VALUES
(13, '<p>In 1979 werd het eerste elektronische spreadsheet geïntroduceerd, <a href=\"https://en.wikipedia.org/wiki/VisiCalc\">VisiCalc</a><sup>1</sup>. Door de jaren heen is de populariteit van spreadsheets enorm toegenomen, met als bekendste voorbeeld <a href=\"https://en.wikipedia.org/wiki/Microsoft_Excel\">Microsoft Excel</a>. Voor veel bedrijven is Microsoft Excel op administratief gebied hun beste vriend en dat is meer dan begrijpelijk. Excel is namelijk ontzettend toegankelijk en vrijwel iedereen kan er mee leren omgaan. Toch kleven er ook veel <strong>nadelen</strong> aan het gebruik van spreadsheets. Wij zetten onze redenen om te stoppen met Excel op een rijtje.</p>\r\n<h3>1. Excel is foutgevoelig</h3>\r\n<p>Het invoeren van data in Excel gebeurt handmatig. Hierdoor is de kans op fouten aanwezig. Verkeerde verwijzingen, onjuiste formules en <a href=\"https://www.addictivetips.com/microsoft-office/excel-2010-checking-logical-syntax-errors/\"><em>excel logic errors</em></a><sup>4</sup> zijn voorbeelden van veelvoorkomende fouten in spreadsheets. Reeds in 1996 is er onderzoek gedaan naar de <strong>foutgevoeligheid</strong> van spreadsheets. Hieruit bleek dat er vrijwel te alle tijden fouten in handmatig ingevoerde Excelsheets sluipen. De conclusie van de onderzoekers luidde dan ook: ‘<em>We do not make mistakes all the time, but we consistently make a certain number, even when we are being careful</em>’<sup>7</sup>.</p>\r\n<p>Ondanks dat in veel gevallen de gevolgen van foutieve data klein, kunnen de gevolgen ook groot zijn. Zo werden er voor de Olympische Spelen in Londen 10.000 kaarten te veel verkocht door een menselijke fout in een spreadsheet<sup>5</sup>. Bij een geautomatiseerd proces is de kans op fouten in jouw dataopslag vele malen kleiner.</p>\r\n<p><img class=\"aligncenter wp-image-2644 size-large\" src=\"https:duodeka.test/app/uploads/2018/07/Problemen-met-Excel-700x394.png\" alt=\"Stoppen met excel\" width=\"700\" height=\"394\" srcset=\"https://duodeka.nl/app/uploads/2018/07/Problemen-met-Excel-700x394.png 700w, https://duodeka.nl/app/uploads/2018/07/Problemen-met-Excel-250x141.png 250w, https://duodeka.nl/app/uploads/2018/07/Problemen-met-Excel-768x432.png 768w, https://duodeka.nl/app/uploads/2018/07/Problemen-met-Excel-120x67.png 120w, https://duodeka.nl/app/uploads/2018/07/Problemen-met-Excel.png 827w\" sizes=\"(max-width: 700px) 100vw, 700px\" /></p>\r\n<h3></h3>\r\n<h3>2. Excel is tijdrovend</h3>\r\n<p>Het feit dat data handmatig ingevoerd wordt in Excel maakt het proces niet alleen foutgevoelig, maar ook <strong>tijdrovend</strong>. De voormalig financieel controller van VolkerWessels geeft in een interview met E-mergo aan gemiddeld twee tot drie weken kwijt te zijn aan het maken van een liquiditeitsprognose met Excel<sup>2</sup>. Dit proces is qua tijd gehalveerd na een partij te hebben ingeschakeld om te automatiseren. Tijd is geld, dus geautomatiseerde systemen kunnen hier kostenbesparend werken.</p>\r\n<p>&nbsp;</p>\r\n<blockquote>\r\n<h4 style=\"text-align: center;\"><a href=\"https://duodeka.nl/cases/capaciteitsplanning-in-de-zorg/\">FZO CASE</a></h4>\r\n<p style=\"text-align: center; font-style: italic;\">Het Capaciteitsorgaan onderzoekt de opleidingscapaciteit van medische en tandheelkundige beroepen, hiervoor moeten de zorgvraag en het zorgaanbod in kaart worden gebracht. Dit gebeurde middels excel-sheets: arbeidsintensief en foutgevoelig. <a href=\"https://duodeka.nl\">DUODEKA</a> heeft een webapplicatie ontwikkeld waarmee Nederlandse zorginstellingen verwachtingen omtrent de zorgvraag en het zorgaanbod voor de komende vier jaar in kaart kunnen brengen. Het Capaciteitsorgaan heeft zo kunnen stoppen met Excel. Meer lezen over hoe het Capaciteitsorgaan en DUODEKA tot een gloednieuwe webapplicatie zijn gekomen? <a href=\"https://duodeka.nl/cases/capaciteitsplanning-in-de-zorg/\">Lees verder...</a></p>\r\n<p><img class=\"size-full wp-image-3598 aligncenter\" src=\"https://duodeka.nl/app/uploads/2019/06/fzo-2.png\" alt=\"\" width=\"450\" height=\"450\" srcset=\"https://duodeka.nl/app/uploads/2019/06/fzo-2.png 450w, https://duodeka.nl/app/uploads/2019/06/fzo-2-150x150.png 150w, https://duodeka.nl/app/uploads/2019/06/fzo-2-300x300.png 300w\" sizes=\"(max-width: 450px) 100vw, 450px\" /></p>\r\n</blockquote>\r\n<h3></h3>\r\n<h3>3. Personeel heeft (te) weinig Excel vaardigheden</h3>\r\n<p>Vaak gaan bedrijven ervan uit dat iedereen zonder problemen overweg kan met Excel. Echter, dit is minder vaak het geval dan men denkt. Veel mensen beschikken alleen over de basisvaardigheden van Excel. Uit onderzoek blijkt dat veel mensen <strong>problemen</strong> hebben met het creëren en begrijpen van formules in spreadsheets<sup>3</sup>. Soms moet personeel intern of extern opgeleid worden om kennis te verkrijgen van alle functionaliteiten van Excel. De vraag is of het geld dat geïnvesteerd wordt in het opleiden van personeel, niet beter in een lange termijn en tevens definitieve oplossing gestoken kan worden.</p>\r\n<h3>4. Excel kent problemen met schaalbaarheid</h3>\r\n<p>Ook de schaalbaarheid van Excelsheets blijkt vaak problemen met zich mee te brengen. Uit een onderzoek naar forum-posts over schaalbaarheidsproblemen in spreadsheets kan geconcludeerd worden dat de schaalbaarheid van spreadsheets een serieus <strong>issue</strong> is. Een random sample dat werd genomen van een forum waarop vragen over Spreadsheets gesteld werden, liet zien dat ruim 10% van de berichten betrekking had op problemen met schaalbaarheid<sup>6</sup>. Met name ‘te grote’ spreadsheets leverde gebruikers problemen op. Excel wordt enorm traag, loopt vast of crasht.</p>\r\n<p>Excel is een voorbeeld van een herkenbaar IT probleem voor vele bedrijven. Wij schreven al eerder een blog over het <a href=\"https://duodeka.nl/verliezen-door-it-problemen\">verliezen van tijd en geld door IT problemen</a>. Benieuwd? <a href=\"https://duodeka.nl/verliezen-door-it-problemen\">Klik hier om verder te lezen….</a></p>\r\n<h3>Stoppen met Excel?</h3>\r\n<p>Als jouw bedrijf ook graag af wil stoppen met Excel dan helpt <a href=\"https://duodeka.nl\">DUODEKA</a> jou graag met het automatiseren en digitaliseren van deze bedrijfsprocessen.</p>\r\n<h3>Bronnen</h3>\r\n<p>1. Baker, J., &amp; Sugden, S. J. (2007). Spreadsheets in Education - The First 25 Years. Spreadsheets in Education (ejSiE), 1(1).</p>\r\n<p>2. E-mergo (2016). Waarom een ERP systeem niet genoeg is voor je Planning&amp;Control Cyclus. Verkregen van: https://www.e-mergo.nl/erp-niet-genoeg-voor-financial-control/</p>\r\n<p>3. Hendry, D. G. &amp; Green, T. R. G. (1994). Creating, comprehending and explaining spreadsheets: a cognitive interpretation of what discretionary users think of spreadsheet model. International Journal of Human-Computer Studies, 40(6), 1033-1065.</p>\r\n<p>4. https://www.addictivetips.com/microsoft-office/excel-2010-checking-logical-syntax-errors/</p>\r\n<p>5. IBM Analytics (2015). Spreadsheets for planning? A popular tool needs help [Whitepaper].</p>\r\n<p>6. Mack, K., Lee, J., Chang, K., Karahalios, K., &amp; Parameswaran, A. (2018). Characterizing Scalability Issues in Spreadsheets Software using Online Forums. arXiv preprint arXiv: 1801.03829</p>\r\n<p>7. Panko, R. R., &amp; Halverson, R. (1996). Spreadsheets on trail: a survey of research on spreadsheet risks. Proceedings of the 29th Annual Hawaii International Conference on System Sciences.</p>', 13, NULL, NULL);

--
-- Dumping data for table `blog_posting`
--

INSERT INTO `blog_posting` (`id`, `article_id`, `created_at`, `updated_at`) VALUES
(2, 1, NULL, NULL),
(3, 2, NULL, NULL),
(4, 3, NULL, NULL),
(5, 4, NULL, NULL),
(6, 5, NULL, NULL),
(7, 6, NULL, NULL),
(8, 7, NULL, NULL),
(9, 8, NULL, NULL),
(10, 9, NULL, NULL),
(11, 10, NULL, NULL),
(12, 11, NULL, NULL),
(13, 12, NULL, NULL),
(14, 13, NULL, NULL);

--
-- Dumping data for table `creative_work`
--

INSERT INTO `creative_work` (`id`, `author_id`, `publisher_id`, `date_modified`, `date_published`, `headline`, `thing_id`, `created_at`, `updated_at`) VALUES
(1, 4, 1, '2019-11-29 13:00:00', '2019-10-11 13:00:00', 'Hackathon Tilburg groot succes', 17, NULL, NULL),
(2, 1, 1, '2019-11-29 13:00:00', '2019-10-11 13:00:00', 'DUODEKA partner van MeteorJS', 18, NULL, NULL),
(3, 1, 1, '2019-11-29 13:00:00', '2019-10-11 13:00:00', 'Maak kennis met Joey', 19, NULL, NULL),
(4, 1, 1, '2019-11-29 13:00:00', '2019-10-11 13:00:00', 'Ontvlechten met microservice-architectuur', 20, NULL, NULL),
(5, 3, 1, '2019-11-29 13:00:00', '2019-10-11 13:00:00', 'Faces online interview met Daan Schoofs', 21, NULL, NULL),
(6, 3, 1, '2019-11-29 13:00:00', '2019-10-11 13:00:00', 'Online urenregistratie & planning voor jouw bedrijf', 22, NULL, NULL),
(7, 3, 1, '2019-11-29 13:00:00', '2019-10-11 13:00:00', 'Kennismaken met David', 23, NULL, NULL),
(8, 3, 1, '2019-11-29 13:00:00', '2019-10-11 13:00:00', 'Minimum Viable Product', 24, NULL, NULL),
(9, 3, 1, '2019-11-29 13:00:00', '2019-10-11 13:00:00', 'Software kwaliteitscontrole', 25, NULL, NULL),
(10, 3, 1, '2019-11-29 13:00:00', '2019-10-11 13:00:00', 'Verlies van tijd en geld door IT problemen', 26, NULL, NULL),
(11, 3, 1, '2019-11-29 13:00:00', '2019-10-11 13:00:00', 'Case – Personal Protein Webshop', 27, NULL, NULL),
(12, 3, 1, '2019-11-29 13:00:00', '2019-10-11 13:00:00', 'Standaard of maatwerk software?', 28, NULL, NULL),
(13, 3, 1, '2019-11-29 13:00:00', '2019-10-11 13:00:00', 'Onze redenen om te stoppen met Excel', 29, NULL, NULL);

--
-- Dumping data for table `employee`
--

INSERT INTO `employee` (`id`, `created_at`, `updated_at`) VALUES
(1, NULL, NULL),
(2, NULL, NULL),
(6, NULL, NULL),
(7, NULL, NULL),
(8, NULL, NULL),
(9, NULL, NULL);

--
-- Dumping data for table `employees`
--

INSERT INTO `employees` (`id`, `organization_id`, `employee_id`, `created_at`, `updated_at`) VALUES
(1, 1, 1, NULL, NULL),
(1, 2, 1, NULL, NULL),
(2, 1, 2, NULL, NULL),
(9, 2, 9, NULL, NULL),
(6, 2, 6, NULL, NULL),
(7, 1, 7, NULL, NULL),
(8, 1, 8, NULL, NULL),
(10, 2, 10, NULL, NULL),
(5, 1, 5, NULL, NULL);

--
-- Dumping data for table `founder`
--

INSERT INTO `founder` (`id`, `created_at`, `updated_at`) VALUES
(1, NULL, NULL),
(2, NULL, NULL),
(3, NULL, NULL),
(4, NULL, NULL);

--
-- Dumping data for table `founders`
--

INSERT INTO `founders` (`id`, `organization_id`, `founder_id`, `created_at`, `updated_at`) VALUES
(1, 1, 1, NULL, NULL),
(2, 1, 2, NULL, NULL),
(3, 1, 3, NULL, NULL),
(4, 1, 4, NULL, NULL);

--
-- Dumping data for table `image`
--

INSERT INTO `image` (`id`, `thing_id`, `image`, `created_at`, `updated_at`) VALUES
(1, 17, 'https://duodeka.nl/app/uploads/2019/11/WhatsApp-Image-2019-11-11-at-09.58.03.jpeg', NULL, NULL),
(2, 17, 'https://duodeka.nl/app/uploads/2019/11/WhatsApp-Image-2019-11-11-at-09.57.42.jpeg', NULL, NULL),
(3, 17, 'https://duodeka.nl/app/uploads/2019/11/WhatsApp-Image-2019-11-11-at-09.57.42-1.jpeg', NULL, NULL),
(4, 17, 'https://duodeka.nl/app/uploads/2019/11/WhatsApp-Image-2019-11-10-at-00.49.58-1024x768.jpeg', NULL, NULL),
(5, 17, 'https://duodeka.nl/app/uploads/2019/11/WhatsApp-Image-2019-11-10-at-00.49.57-1024x768.jpeg', NULL, NULL),
(6, 17, 'https://duodeka.nl/app/uploads/2019/11/WhatsApp-Image-2019-11-10-at-00.49.57-1-768x1024.jpeg', NULL, NULL),
(7, 17, 'https://duodeka.nl/app/uploads/2019/11/hackaton.jpg', NULL, NULL),
(8, 17, 'https://duodeka.nl/app/uploads/2019/11/WhatsApp-Image-2019-11-10-at-00.49.58.jpeg', NULL, NULL),
(9, 18, 'https://duodeka.nl/app/themes/duodeka/dist/images/photos/faxx_73456d0a.jpg', NULL, NULL),
(10, 19, 'https://duodeka.nl/app/uploads/2018/10/image-2018-10-02-e1538484370346.png', NULL, NULL),
(11, 19, 'https://duodeka.nl/app/uploads/2018/05/joey-maas.jpg', NULL, NULL),
(12, 20, 'https://duodeka.nl/app/uploads/2017/07/Microservice-architectuur.jpg', NULL, NULL),
(13, 21, 'https://duodeka.nl/app/uploads/2019/05/online-ondernemer.jpg', NULL, NULL),
(14, 22, 'https://duodeka.nl/app/uploads/2019/05/Opstarten-online-business.jpg', NULL, NULL),
(15, 23, 'https://duodeka.nl/app/uploads/2018/10/image-2018-10-02-e1538484370346.png', NULL, NULL),
(16, 23, 'https://duodeka.nl/app/uploads/2018/05/david.jpg', NULL, NULL),
(17, 24, 'https://duodeka.nl/app/uploads/2018/06/quickorder-301139-unsplash-e1528207233965.jpg', NULL, NULL),
(18, 25, 'https://duodeka.nl/app/uploads/2018/04/Software-kwaliteitcontrole.png', NULL, NULL),
(19, 25, 'https://duodeka.nl/app/uploads/2018/04/Software-kwaliteitcontrole-1.png', NULL, NULL),
(20, 25, 'https://duodeka.nl/app/uploads/2017/12/THAR-fotoshoot-1200X800-e1512750915248.jpg', NULL, NULL),
(21, 26, 'https://duodeka.nl/app/uploads/2018/06/jeshoots-com-523925-unsplash-2.jpg', NULL, NULL),
(22, 26, 'https://duodeka.nl/verliezen-door-it-problemen/duodeka.test/app/uploads/2018/06/neonbrand-618320-unsplash-250x156.jpg', NULL, NULL),
(23, 27, 'https://duodeka.nl/app/uploads/2019/06/desktop-and-products-e1562872561667.png', NULL, NULL),
(24, 27, 'https://duodeka.nl/app/uploads/2019/07/Kopie-van-mobile.png', NULL, NULL),
(25, 28, 'https://duodeka.nl/app/uploads/2018/06/image-2018-06-19.png', NULL, NULL),
(26, 28, 'https://duodeka.nl/app/uploads/2018/06/image-2018-06-19-700x466.png', NULL, NULL),
(27, 28, 'https://duodeka.nl/app/uploads/2018/06/icons-for-website-01-700x518.png', NULL, NULL),
(28, 28, 'https://duodeka.nl/app/uploads/2018/04/backbone_logo-700x577.png', NULL, NULL),
(29, 29, 'https://duodeka.nl/app/uploads/2018/07/rawpixel-659481-unsplash-min_opt.jpg', NULL, NULL),
(30, 29, 'https://duodeka.nl/app/uploads/2018/07/Problemen-met-Excel-700x394.png', NULL, NULL),
(31, 29, 'https://duodeka.nl/app/uploads/2019/06/fzo-2.png', NULL, NULL);

--
-- Dumping data for table `job_posting`
--

INSERT INTO `job_posting` (`id`, `base_salary_id`, `date_posted`, `employment_type`, `hiring_organization_id`, `job_location`, `job_location_type`, `title`, `valid_through`, `thing_id`, `created_at`, `updated_at`) VALUES
(1, 1, '2019-09-30', 0, 1, 1, 0, 'Frontend developer', '2019-10-31 00:00:00', 13, NULL, NULL),
(2, 1, '2019-10-01', 0, 1, 1, 0, 'Full-stack developer', NULL, 14, NULL, NULL);

--
-- Dumping data for table `monetary_amount`
--

INSERT INTO `monetary_amount` (`id`, `currency`, `value_id`, `created_at`, `updated_at`) VALUES
(1, 'EUR', 1, NULL, NULL);

--
-- Dumping data for table `organization`
--

INSERT INTO `organization` (`id`, `address_id`, `email`, `legal_name`, `location_id`, `logo`, `telephone`, `thing_id`, `created_at`, `updated_at`) VALUES
(1, 1, 'info@duodeka.nl', 'DUODEKA Coöperatie U.A.', 1, 'http://duodeka.nl/app/uploads/2018/11/duodeka-logo-blue.png', '132032264', 1, NULL, NULL),
(2, 0, NULL, '', 0, '', '', 11, NULL, NULL);

--
-- Dumping data for table `person`
--

INSERT INTO `person` (`id`, `additional_name`, `address_id`, `email`, `family_name`, `given_name`, `telephone`, `thing_id`, `created_at`, `updated_at`) VALUES
(1, '', 0, 'koen@duodeka.nl', 'Lavrijssen', 'Koen', '622783833', 2, NULL, NULL),
(2, 'van de', 0, 'rik@doodeka.nl', 'Looi', 'Rik', '620992844', 3, NULL, NULL),
(3, '', 0, 'daan@duodeka.nl', 'Schoofs', 'Daan', '653586900', 4, NULL, NULL),
(4, '', 0, 'dion@duodeka.nl', 'Duimel', 'Dion', '644810461', 5, NULL, NULL),
(5, '', 0, 'david@duodeka.nl', 'Schulpen', 'David', '', 6, NULL, NULL),
(6, '', 0, 'emiel@duodeka.nl', 'Popelier', 'Emiel', '651269639', 7, NULL, NULL),
(7, '', 0, 'joey@duodeka.nl', 'Maas', 'Joey', '643720659', NULL, NULL, NULL),
(8, '', 0, 'sven@duodeka.nl', 'Zahharov', 'Sven', '613782844', 8, NULL, NULL),
(9, 'de', 0, 'thijs@mrwinston.nl', 'Jong', 'Thijs', '644870767', 9, NULL, NULL),
(10, 'van', 0, 'wesley@mrwinston.nl', 'Bergen', 'Wesley', '642577524', 10, NULL, NULL);

--
-- Dumping data for table `place`
--

INSERT INTO `place` (`id`, `address_id`, `geo_id`, `created_at`, `updated_at`) VALUES
(1, 1, NULL, NULL, NULL);

--
-- Dumping data for table `postal_address`
--

INSERT INTO `postal_address` (`id`, `address_country`, `address_locality`, `address_region`, `post_office_box_number`, `postal_code`, `street_address`, `created_at`, `updated_at`) VALUES
(1, 'NL', 'Tilburg', 'NB', NULL, '5017HR', 'Tivolistraat 50-52', NULL, NULL);

--
-- Dumping data for table `potential_action _google`
--

INSERT INTO `potential_action _google` (`id`, `google_web_site`, `google_search_action_id`, `created_at`, `updated_at`) VALUES
(1, 1, 1, NULL, NULL);

--
-- Dumping data for table `property_value`
--

INSERT INTO `property_value` (`id`, `value`, `thing_id`, `created_at`, `updated_at`) VALUES
(1, 'http://duodeka.nl/?post_type=job_listing&\r\np=3713', 15, NULL, NULL),
(2, 'http://duodeka.nl/?post_type=job_listing&\r\np=3714', 15, NULL, NULL);

--
-- Dumping data for table `property_value_specification`
--

INSERT INTO `property_value_specification` (`id`, `value_name`, `value_required`, `created_at`, `updated_at`) VALUES
(1, 'search_term_string', 1, NULL, NULL);

--
-- Dumping data for table `quantitative_value`
--

INSERT INTO `quantitative_value` (`id`, `unit_text`, `value`, `created_at`, `updated_at`) VALUES
(1, 'MONTH', 3250, NULL, NULL);

--
-- Dumping data for table `role`
--

INSERT INTO `role` (`id`, `person_id`, `roleable_id`, `roleable_type`, `created_at`, `updated_at`) VALUES
(1, 1, 1, 'App\\Models\\Employee', NULL, NULL),
(2, 2, 2, 'App\\Models\\Employee', NULL, NULL),
(3, 1, 1, 'App\\Models\\Founder', NULL, NULL),
(4, 2, 2, 'App\\Models\\Founder', NULL, NULL),
(5, 3, 3, 'App\\Models\\Founder', NULL, NULL),
(6, 4, 4, 'App\\Models\\Founder', NULL, NULL),
(7, 6, 6, 'App\\Models\\Employee', NULL, NULL),
(8, 9, 9, 'App\\Models\\Employee', NULL, NULL),
(9, 7, 7, 'App\\Models\\Employee', NULL, NULL),
(10, 8, 8, 'App\\Models\\Employee', NULL, NULL),
(11, 10, 10, 'App\\Models\\Employee', NULL, NULL),
(12, 5, 5, 'App\\Models\\Employee', NULL, NULL);

--
-- Dumping data for table `same_as`
--

INSERT INTO `same_as` (`id`, `thing_id`, `url`, `created_at`, `updated_at`) VALUES
(1, 1, 'https://www.facebook.com/duodeka', NULL, NULL),
(2, 1, 'https://www.instagram.com/duodeka', NULL, NULL),
(3, 1, 'https://www.linkedin.com/company/duodeka', NULL, NULL);

--
-- Dumping data for table `search_action_google`
--

INSERT INTO `search_action_google` (`in`, `target`, `query-input`, `created_at`, `updated_at`) VALUES
(1, 'https://duodeka.nl/?s={search_term_string}', 1, NULL, NULL);

--
-- Dumping data for table `site`
--

INSERT INTO `site` (`id`, `thing_id`, `created_at`, `updated_at`) VALUES
(1, 12, NULL, NULL);

--
-- Dumping data for table `thing`
--

INSERT INTO `thing` (`id`, `alternate_name`, `description`, `name`, `url`, `identifier_id`, `main_entity_of_page`, `created_at`, `updated_at`) VALUES
(1, 'XII', '', 'DUODEKA', 'https://duodeka.nl', NULL, '', NULL, NULL),
(2, '', '', '', 'https://www.linkedin.com/in/klavrijssen', NULL, '', NULL, NULL),
(3, '', '', '', 'https://www.linkedin.com/in/rik-van-de-looi', NULL, '', NULL, NULL),
(4, '', '', '', 'https://www.linkedin.com/in/daanschoofs', NULL, '', NULL, NULL),
(5, '', '', '', 'https://www.linkedin.com/in/dion-duimel', NULL, '', NULL, NULL),
(6, '', '', '', 'https://www.linkedin.com/in/david-schulpen', NULL, '', NULL, NULL),
(7, '', '', '', 'https://www.linkedin.com/in/emiel-popelier-870732177', NULL, '', NULL, NULL),
(8, '', '', '', 'https://www.linkedin.com/in/sven-zahharov-a82507158', NULL, '', NULL, NULL),
(9, '', '', '', 'https://www.linkedin.com/in/thijsdejong1995', NULL, '', NULL, NULL),
(10, '', '', '', 'https://www.linkedin.com/in/wesleyvanbergen', NULL, '', NULL, NULL),
(11, '', '', 'Mr. Winston', NULL, NULL, '', NULL, NULL),
(12, '', '', 'DUODEKA - Venture Builder | Digital Transformer', 'https://duodeka.nl', NULL, '', NULL, NULL),
(13, '', '&lt;p&gt;DUODEKA is a Venture Builder started by IT entrepreneurs from Tilburg. We specialize in devising, validating and developing digital products, apps and platforms.&lt;\\/p&gt;\\n&lt;p&gt;Together with entrepreneurs, we develop digital products that are marketed as a separate company.&lt;\\/p&gt;\\n&lt;p&gt;On the one hand, we devise, develop and market our own digital concepts. On the other hand, we develop digital products for SME that digitally transform a business model.&lt;\\/p&gt;\\n&lt;p&gt;To strengthen our current team, we are looking for a (English) frontend developer in Tilburg.&lt;\\/p&gt;\\n&lt;p&gt;Job description&lt;br \\/&gt;\\nAs a (English) frontend developer in Tilburg at DUODEKA you have the opportunity to participate fully in all projects; both for the customer and our own products. These are mainly developed in React or Vue.js (frontend) and Laravel or Meteor (backend).&lt;\\/p&gt;\\n&lt;p&gt;You translate the visual wishes into concrete functionality and design. You understand the flow of an application and can transform it into a perfect UX. You see that the complexity of applications nowadays is shifting more and more from the backend to the frontend and you are not afraid to take on the associated challenges.&lt;\\/p&gt;\\n&lt;p&gt;&lt;em&gt;Do you like all of this? Then read on!&lt;\\/em&gt;&lt;\\/p&gt;\\n&lt;p&gt;&lt;strong&gt;Our MoSCoW list (job requirements)&lt;\\/strong&gt;&lt;br \\/&gt;\\n&lt;em&gt;Must haves&lt;\\/em&gt;&lt;\\/p&gt;\\n&lt;ul&gt;\\n&lt;li&gt;Good command of the Dutch and English language&lt;\\/li&gt;\\n&lt;li&gt;Experience with frontend JavaScript frameworks (React, Vue.js)&lt;\\/li&gt;\\n&lt;li&gt;Very skilled with HTML, css \\/ sass&lt;\\/li&gt;\\n&lt;li&gt;A good eye for UI \\/ UX and Design&lt;\\/li&gt;\\n&lt;li&gt;Being able to solve problems independently&lt;\\/li&gt;\\n&lt;\\/ul&gt;\\n&lt;p&gt;&lt;em&gt;Should haves&lt;\\/em&gt;&lt;\\/p&gt;\\n&lt;ul&gt;\\n&lt;li&gt;Experience with GIT (or other VCS)&lt;\\/li&gt;\\n&lt;li&gt;Translate customer wishes into concrete developments&lt;\\/li&gt;\\n&lt;li&gt;Understanding of commercial and business processes&lt;\\/li&gt;\\n&lt;\\/ul&gt;\\n&lt;p&gt;&lt;em&gt;(very) Nice to have&lt;\\/em&gt;&lt;br \\/&gt;\\nExperience with:&lt;\\/p&gt;\\n&lt;ul&gt;\\n&lt;li&gt;API interfacing (GraphQL or REST)&lt;\\/li&gt;\\n&lt;li&gt;Laravel, MeteorJS&lt;\\/li&gt;\\n&lt;li&gt;SQL (MySQL) or NoSQL (MongoDB) databases&lt;\\/li&gt;\\n&lt;li&gt;Database design, application structures and design patterns&lt;\\/li&gt;\\n&lt;li&gt;Project management (tools such as JIRA)&lt;\\/li&gt;\\n&lt;li&gt;Wordpress&lt;\\/li&gt;\\n&lt;\\/ul&gt;\\n&lt;p&gt;&lt;strong&gt;We offer&lt;\\/strong&gt;&lt;\\/p&gt;\\n&lt;ul&gt;\\n&lt;li&gt;Working in a young company consisting of digital entrepreneurs and programmers&lt;\\/li&gt;\\n&lt;li&gt;Working on custom projects and own SaaS products in the latest technologies&lt;\\/li&gt;\\n&lt;li&gt;A continuous focus on software development that supports (new) revenue models&lt;\\/li&gt;\\n&lt;li&gt;Working with ambitious colleagues who always want to learn new things&lt;\\/li&gt;\\n&lt;li&gt;Fast career opportunities as a project manager, team lead, business analyst and \\/ or product owner&lt;\\/li&gt;\\n&lt;li&gt;Lots of room for innovation, research and personal contribution&lt;\\/li&gt;\\n&lt;li&gt;Business laptop&lt;\\/li&gt;\\n&lt;li&gt;Every Friday: Vrijmibo&lt;\\/li&gt;\\n&lt;li&gt;LAN party events&lt;\\/li&gt;\\n&lt;\\/ul&gt;\\n&lt;p&gt;&lt;strong&gt;Job application&lt;\\/strong&gt;&lt;br \\/&gt;\\nAre you interested in this vacancy and does the profile of (English) frontend developer in Tilburg suit you? Then we would love to hear from you. For more information you can contact Daan Schoofs via the telephone number &lt;strong&gt;06 535 869 00&lt;\\/strong&gt; or via email at &lt;strong&gt;daan@duodeka.nl&lt;\\/strong&gt;.&lt;\\/p&gt;\\n&lt;p&gt;&lt;strong&gt;About DUODEKA&lt;\\/strong&gt;&lt;br \\/&gt;\\nOur team has years of experience with web development (Laravel, Meteor, React, Vue.js) and entrepreneurship. Our team also has expertise in UX \\/ UI, sales and marketing.&lt;\\/p&gt;\\n&lt;p&gt;Do you find it cool to help companies take the next step in digital transformation and develop a new business? Then you have come to the right place. Our commercial software team mainly develops in PHP (Laravel) and Javascript (Meteor). For this we use frontend frameworks such as ReactJS and Vue.JS. Furthermore, we naturally work with programs such as JIRA, Git, Adobe XD, InVision and Visual Studio Code.&lt;\\/p&gt;\\n&lt;p&gt;If you want to know more about the projects in which you are going to work, have a look at &lt;a href=\\\"https:\\/\\/duodeka.nl\\\"&gt;https:\\/\\/duodeka.nl&lt;\\/a&gt;.&lt;\\/p&gt;\\n', 'Frontend developer in Tilburg', 'https://duodeka.nl/vacature/english-frontend-developer-in-tilburg', 2, '', NULL, NULL),
(14, '', '&lt;p&gt;DUODEKA is a Venture Builder started by IT entrepreneurs from Tilburg. We specialize in devising, validating and developing digital products, apps and platforms.&lt;\\/p&gt;\\n&lt;p&gt;Together with entrepreneurs, we develop digital products that are marketed as a separate company.&lt;\\/p&gt;\\n&lt;p&gt;On the one hand, we devise, develop and market our own digital concepts. On the other hand, we develop digital products for SME that digitally transform a business model.&lt;\\/p&gt;\\n&lt;p&gt;To strengthen our current team, we are looking for a (English) full-stack developer in Tilburg.&lt;\\/p&gt;\\n&lt;p&gt;&lt;strong&gt;Job description&lt;\\/strong&gt;&lt;br \\/&gt;\\nAs a (English) full-stack developer in Tilburg at DUODEKA you directly participate in a wide range of projects, including both customized assignments and our own SaaS products. You develop functionality based on the defined requirements and you are a valuable part of the development team. We mainly develop in Laravel or Meteor (backend) and React or Vue.js (frontend).&lt;\\/p&gt;\\n&lt;p&gt;In addition, we offer the opportunity to quickly grow into a management position (team lead, project manager) or to grow as a business analyst (intake, database design, requirements). In short, a lot of room for (software) development!&lt;\\/p&gt;\\n&lt;p&gt;&lt;em&gt;Do you like all\\u00a0 of this? Then read on!&lt;\\/em&gt;&lt;\\/p&gt;\\n&lt;p&gt;&lt;strong&gt;Our MoSCoW list (job requirements)&lt;\\/strong&gt;&lt;br \\/&gt;\\n&lt;em&gt;Must haves&lt;\\/em&gt;&lt;\\/p&gt;\\n&lt;ul&gt;\\n&lt;li&gt;Good command of the Dutch and English language&lt;\\/li&gt;\\n&lt;li&gt;A strong understanding of OOP within a modern MVC framework&lt;\\/li&gt;\\n&lt;li&gt;Experience with SQL (MySQL) or NoSQL (MongoDB) databases&lt;\\/li&gt;\\n&lt;li&gt;Experience with front-end JavaScript frameworks (React, Vue.js)&lt;\\/li&gt;\\n&lt;li&gt;Being able to solve problems independently&lt;\\/li&gt;\\n&lt;\\/ul&gt;\\n&lt;p&gt;&lt;em&gt;Should haves&lt;\\/em&gt;&lt;\\/p&gt;\\n&lt;ul&gt;\\n&lt;li&gt;Experience with GIT (or other VCS)&lt;\\/li&gt;\\n&lt;li&gt;Experience with API interfacing (GraphQL or REST)&lt;\\/li&gt;\\n&lt;li&gt;Understanding of commercial and business processes&lt;\\/li&gt;\\n&lt;\\/ul&gt;\\n&lt;p&gt;&lt;em&gt;(very) Nice to have&lt;\\/em&gt;&lt;br \\/&gt;\\nExperience with:&lt;\\/p&gt;\\n&lt;ul&gt;\\n&lt;li&gt;Laravel, MeteorJS&lt;\\/li&gt;\\n&lt;li&gt;Project management (tools such as JIRA)&lt;\\/li&gt;\\n&lt;li&gt;Database design, application structures and design patterns&lt;\\/li&gt;\\n&lt;li&gt;Translate customer wishes into concrete developments&lt;\\/li&gt;\\n&lt;\\/ul&gt;\\n&lt;p&gt;&lt;strong&gt;We offer&lt;\\/strong&gt;&lt;\\/p&gt;\\n&lt;ul&gt;\\n&lt;li&gt;Working in a young company consisting of digital entrepreneurs and programmers&lt;\\/li&gt;\\n&lt;li&gt;Working on custom projects and own SaaS products in the latest technologies&lt;\\/li&gt;\\n&lt;li&gt;A continuous focus on software development that supports (new) revenue models&lt;\\/li&gt;\\n&lt;li&gt;Working with ambitious colleagues who always want to learn new things&lt;\\/li&gt;\\n&lt;li&gt;Fast career opportunities as a project manager, team lead, business analyst and \\/ or product owner&lt;\\/li&gt;\\n&lt;li&gt;Lots of room for innovation, research and personal contribution&lt;\\/li&gt;\\n&lt;li&gt;Business laptop&lt;\\/li&gt;\\n&lt;li&gt;Every Friday: Vrijmibo&lt;\\/li&gt;\\n&lt;li&gt;LAN party events&lt;\\/li&gt;\\n&lt;\\/ul&gt;\\n&lt;p&gt;&lt;strong&gt;Job application&lt;\\/strong&gt;&lt;br \\/&gt;\\nAre you interested in this vacancy and does the profile of (English) full-stack developer in Tilburg suit you? Then we would love to hear from you. For more information you can contact Daan Schoofs via the telephone number &lt;strong&gt;06 535 869 00&lt;\\/strong&gt; or via email at &lt;strong&gt;daan@duodeka.nl&lt;\\/strong&gt;.&lt;\\/p&gt;\\n&lt;p&gt;&lt;strong&gt;About DUODEKA&lt;\\/strong&gt;&lt;br \\/&gt;\\nOur team has years of experience with web development (Laravel, Meteor, React, Vue.js) and entrepreneurship. Our team also has expertise in UX \\/ UI, sales and marketing.&lt;\\/p&gt;\\n&lt;p&gt;Do you find it cool to help companies take the next step in digital transformation and develop a new business? Then you have come to the right place. Our commercial software team mainly develops in PHP (Laravel) and Javascript (Meteor). For this we use frontend frameworks such as ReactJS and Vue.JS. Furthermore, we naturally work with programs such as JIRA, Git, Adobe XD, InVision and Visual Studio Code.&lt;\\/p&gt;\\n&lt;p&gt;If you want to know more about the projects in which you are going to work, have a look at &lt;a href=\\\"https:\\/\\/duodeka.nl\\\"&gt;https:\\/\\/duodeka.nl&lt;\\/a&gt;.&lt;\\/p&gt;\\n', 'Full-stack developer in Tilburg', 'https://duodeka.nl/vacature/english-full-stack-developer-in-tilburg', 1, '', NULL, NULL),
(15, '', '', 'DUODEKA', NULL, NULL, '', NULL, NULL),
(16, '', '', '', NULL, NULL, '', NULL, NULL),
(17, '', '', '', NULL, NULL, 'https://duodeka.nl/hackathon-tilburg-groot-succes/', NULL, NULL),
(18, '', '', '', NULL, NULL, 'https://duodeka.nl/duodeka-official-meteor-partner/', NULL, NULL),
(19, '', '', '', '', NULL, 'https://duodeka.nl/maak-kennis-met-joey/', NULL, NULL),
(20, '', '', '', NULL, NULL, 'https://duodeka.nl/ontvlechten-met-microservice-architectuur/', NULL, NULL),
(21, '', '', '', NULL, NULL, 'https://duodeka.nl/daan-schoofs-faces-online-interview-nl/', NULL, NULL),
(22, '', '', '', NULL, NULL, 'https://duodeka.nl/online-urenregistratie-planning-voor-jouw-bedrijf/', NULL, NULL),
(23, '', '', '', NULL, NULL, 'https://duodeka.nl/kennismaken-met-david/', NULL, NULL),
(24, '', '', '', NULL, NULL, 'https://duodeka.nl/minimum-viable-product/', NULL, NULL),
(25, '', '', '', NULL, NULL, 'https://duodeka.nl/software-kwaliteit-controle/', NULL, NULL),
(26, '', '', '', NULL, NULL, 'https://duodeka.nl/verliezen-door-it-problemen/', NULL, NULL),
(27, '', '', '', NULL, NULL, 'https://duodeka.nl/personal-protein/', NULL, NULL),
(28, '', '', '', NULL, NULL, 'https://duodeka.nl/standaard-of-maatwerk-software/', NULL, NULL),
(29, '', '', '', NULL, NULL, 'https://duodeka.nl/onze-redenen-om-te-stoppen-met-excel/', NULL, NULL);

--
-- Dumping data for table `web_site`
--

INSERT INTO `web_site` (`id`, `site_id`, `created_at`, `updated_at`) VALUES
(1, 1, NULL, NULL);

--
-- Dumping data for table `web_site_google`
--

INSERT INTO `web_site_google` (`id`, `site_id`, `created_at`, `updated_at`) VALUES
(1, 1, NULL, NULL);
COMMIT;

/*!40101 SET CHARACTER_SET_CLIENT=@OLD_CHARACTER_SET_CLIENT */;
/*!40101 SET CHARACTER_SET_RESULTS=@OLD_CHARACTER_SET_RESULTS */;
/*!40101 SET COLLATION_CONNECTION=@OLD_COLLATION_CONNECTION */;
