-- phpMyAdmin SQL Dump
-- version 4.9.0.1
-- https://www.phpmyadmin.net/
--
-- Host: mysql
-- Generation Time: Dec 02, 2019 at 09:30 PM
-- Server version: 5.7.26
-- PHP Version: 7.2.19

SET SQL_MODE = "NO_AUTO_VALUE_ON_ZERO";
SET AUTOCOMMIT = 0;
START TRANSACTION;
SET time_zone = "+00:00";


/*!40101 SET @OLD_CHARACTER_SET_CLIENT=@@CHARACTER_SET_CLIENT */;
/*!40101 SET @OLD_CHARACTER_SET_RESULTS=@@CHARACTER_SET_RESULTS */;
/*!40101 SET @OLD_COLLATION_CONNECTION=@@COLLATION_CONNECTION */;
/*!40101 SET NAMES utf8mb4 */;

--
-- Database: `seo`
--

--
-- Dumping data for table `article`
--

INSERT INTO `article` (`id`, `article_body`, `creative_work_id`, `created_at`, `updated_at`) VALUES
(1, '<p>De Hackathon die afgelopen weekend (8-10 oktober 2019) heeft plaatsgevonden in het Nwe Faxx te Tilburg was een groot succes. DUODEKA heeft deze Hackathon georganiseerd samen met EIT Digital, Ultrahack, Datacon, VitaBit Software, Interpolis en InnoTractor. De participanten zijn vanuit de hele wereld naar Tilburg gekomen om te laten zien hoe digitalisering voor een betere wereld kan zorgen. In totaal hebben de participerende teams gedurende 48 uur: veel gehackt, gepitcht en weinig geslapen.</p><p>De jury was onder de indruk van de resultaten. Team Interjourney ging er uiteindelijk met de hoofdprijs van door.  De oplossing van Interjourney maakt het voor passagiers van het openbaar vervoer mogelijk om hun reis voorafgaand te plannen (incl. the last mile). Zo kunnen transportbedrijven beter in spelen op de benodigde capaciteit.</p><p>Wij danken alle participanten voor hun deelname!</p><p>Credits naar <a href=\'https://communiteers.nl/\'>Communiteers</a> voor de foto&#8217;s!</p>', 1, NULL, NULL),
(2, '<p>DUODEKa is nu 1 van de 4 officiële Meteor partners in Nederland! Met Meteor bouwen we Javascript webapplicaties die zowel op computer als op mobiele apparaten werken (Android, iOS, Windows Phone). Lees hieronder meer over de werking van MeteorJS.</p>\r\n<h2>MeteorJS framework</h2>\r\n<p>Onze webapplicaties worden boven op het Meteor framework gebouwd. Met de bleeding-edge technologie van het framework zijn onze ontwikkelaars in staat om in een rap tempo applicaties te maken die op elk mobiel apparaat, en de browser, geopend kunnen worden. Uw prototype app kan in zelfs in enkele dagen al klaar zijn voor gebruik.</p>\r\n<p>Dankzij de flexibiliteit van Meteor is het ook mogelijk om na de oplevering van het prototype extra functionaliteiten in te bouwen. Met Meteor is het mogelijk om notificaties te sturen naar de gebruiker en data te synchroniseren tussen apparaten. Bovendien is de performance van Meteor tegenwoordig nog nauwelijks te onderscheiden van Native mobile apps.</p>', 2, NULL, NULL),
(3, '<p><a href=\"https:duodeka.test/\">DUODEKA</a> is hard aan het groeien. Dit heeft zich de afgelopen tijd niet alleen vertaald in een nieuw kantoor, maar ook in een aantal nieuwe medewerkers. Vandaag introduceren wij  Joey aan jullie!</p>\r\n<p><strong>Wie is Joey?</strong></p>\r\n<p><em>Joey: </em>Ik ben Joey Maas, geboren in 1997 en woonachtig in Den Bosch. Mijn hobby’s zijn gamen en vrijwel alles wat met technologie te maken heeft. Ik blijf altijd op de hoogte van al het laatste nieuws op het gebied van programmeren, Artificial Intelligence en robotica. Ook geef ik graag zwemles.</p>\r\n<p><img class=\"alignnone size-full wp-image-3786\" src=\"https://duodeka.nl/app/uploads/2018/05/joey-maas.jpg\" alt=\"\" width=\"500\" height=\"700\" srcset=\"https://duodeka.nl/app/uploads/2018/05/joey-maas.jpg 500w, https://duodeka.nl/app/uploads/2018/05/joey-maas-214x300.jpg 214w\" sizes=\"(max-width: 500px) 100vw, 500px\" /></p>\r\n<p><strong>Wat doe je bij DUODEKA?</strong></p>\r\n<p><em>Joey: </em>Bij DUODEKA ben ik dagelijks bezig met programmeren. Net als Rik, Koen en Wouter ben ik bezig met het maken van applicaties en het aanpassen van de functionaliteiten van de gebouwde applicaties.</p>\r\n<p><strong>Waarom DUODEKA?</strong></p>\r\n<p><em>Joey: </em>Vanuit het UWV ben ik in contact gekomen met DUODEKA. Eerst moest ik een proefperiode van één maand doorlopen. Tijdens de proefperiode heb ik ondervonden dat ze hier een duidelijke structuur hebben en er een fijne sfeer heerst op kantoor. DUODEKA was ook tevreden met mij en heeft mij een contract aangeboden. Over het tekenen van het contract heb ik uiteraard geen seconde getwijfeld.</p>\r\n<p><strong>Wat hoop je te bereiken bij DUODEKA? </strong></p>\r\n<p><em>Joey: </em>Mezelf zo veel mogelijk ontwikkelen. Zo hoop ik beter te worden in plannen en een echte zelfstandige programmeur te worden. Ook wil ik steeds nieuwe informatie tot mij nemen en mijn kennis vergroten.</p>\r\n<p>Nader kennismaken met Joey? Kom eens langs op onze altijd gezellige VrijMiBo!</p>', 3, NULL, NULL),
(4, '<p>Digitalisering en automatisering staan in deze tijden niet meer bovenaan de agenda van MKB+ bedrijven. De meeste processen worden al breed ondersteund door IT systemen. Door het goedkoper worden van geavanceerde IT oplossingen, is de markt overspoeld met apps, services en andere clouddiensten. Dit heeft ertoe geleid dat er meerdere systemen gebruikt worden, maar er geen duidelijk overzicht is van wat al deze losse applicaties doen en welke koppelingen en informatie nodig is om ze te laten werken. Deze ontwikkelingen hebben nieuwe uitdagingen gecreëerd op gebied van informatiemanagement. Namelijk, het ontvlechten van informatiestromen en informatietechnologie.</p>\r\n<p>Als jonge IT ondernemer kom ik vergelijkbare situaties tegen in verschillende industrieën. Bedrijven hebben gelijksoortige problemen, maar ieder hanteert hun eigen “maatwerk” methode om deze problemen te tackelen. Dat deze oplossingen verschillend zijn is logisch, dat geeft een bedrijf immers een eigen gezicht. Echter als je IT gaat zien als bouwstenen voor een oplossing, kun je een hele hoop van deze bouwstenen hergebruiken en onafhankelijk van elkaar vervangen. In een klimaat waar business snel verandert is het belangrijk om snel te kunnen schakelen. Het enige wat je nodig hebt om dit te bereiken is de juiste mindset.</p>\r\n<p>Een van DUODEKA’s startups, Mr. Winston, is een horeca kassasysteem. Toen wij in contact kwamen met de markt, leerden wij dat een kassasysteem meer is dan een registratiesysteem voor bestellingen en rekeningen. Gebruikers zien het kassasysteem als het centrale punt waar informatie wordt uitgewisseld op de werkvloer. Het gaat hier dus ook om onder andere klantenloyaliteit, productinformatie, tafelbezetting, workflow ondersteuning, personeelsplanning en voorraadbeheer. Kortom, een hoop informatie die essentieel is voor de voeding van CRM-systemen, boekhoudsystemen, inkoopsystemen, reserveringssystemen, business intelligence systemen en andere bedrijfskritische systemen.</p>\r\n<p>Microservices</p>\r\n<p>In deze situaties – waar de functionele scope van het IT landschap gigantisch is – is het verstandig om te kijken naar alternatieven voor een traditionele monolithische architectuur. De implementatie van een microservice architectuur zou in deze gevallen een voor de handliggende keuze kunnen zijn, die – wanneer goed geïmplementeerd – zelfs een strategische enabler kan zijn. Dat wil zeggen dat de organisatie gerichter naar haar strategische doelstellingen kan streven.</p>\r\n<p>In agile management technieken wordt er al uitgegaan van korte ontwikkelfases en een veranderlijke business scope; de microservice-architectuur (MSA) is een IT architectuur die hier bij aansluit. Een microservice is een losstaande uitrolbare service die bijvoorbeeld 1 proces of 1 taak automatiseert. Ondanks de aansluiting met nieuwe begrippen zoals DevOps en Continuous Integration, past microservices perfect bij de Unix filosofie zoals deze in 1978 al is gedefinieerd door Douglas McIlroy; “Do one thing, and do it well”. Het lijkt wel alsof we dit de afgelopen jaren vergeten waren.</p>\r\n<p>Door te denken in microservices en een systeem op te delen in componenten blijft de ontwikkeling, implementatie en het onderhoud van het systeem beheersbaar. Iedere component vervult een business functie en doet enkel wat het moet doen, niets meer, niets minder. Dit verhoogt de transparantie en voorkomt een wirwar van informatiestromen. Hoe wordt vastgesteld wat zo’n component doet staat hieronder beschreven.</p>\r\n<p>Gebruik de business voor een duidelijke scope</p>\r\n<p>Een kritieke stap in het ontwerpen van een microservice-architectuur is het definiëren van een duidelijke scope van de services, ofwel het bepalen van de granulariteit. Voor web-services en Service Oriented Architecture (SOA) in het algemeen zijn er al duidelijke richtlijnen geschreven om een scope te definiëren, denk aan service orchestration en service choreography (C. Peltz, 2003). Voor microservice-architectuur is deze afweging echter nog gevoeliger omdat de stap naar een te kleine service (een nanoservice) snel gezet is. Hierbij wegen de voordelen van de aparte service niet op tegen de extra complexiteit die een service ook met zich mee brengt.</p>\r\n<p>Het bepalen van de granulariteit van services is dus een lastige taak voor de IT architect. Het uitgangspunt van DUODEKA is dat de business leidend is. De veroudering van systemen hangt niet zozeer samen met de veroudering van de technologie, maar met een misfit met de business door bijvoorbeeld de verandering van bedrijfsprocessen. Als deze bedrijfsprocessen onafhankelijk zijn vertaald naar IT kunnen deze ook onafhankelijk worden vervangen.</p>\r\n<p>Communicatie</p>\r\n<p>Niet iedere organisatie is ingericht voor het gebruik van microservice-architectuur, in plaats van grote ontwikkelteams die focussen op het gehele IT landschap, richt je al gauw meerdere kleinere teams in, die ieder verantwoordelijk zijn voor een bepaald gedeelte van de scope. Dit betekent wel dat communicatie een uitdaging wordt. Impact Mapping is een strategische planning techniek die wordt gebruikt om bedrijven te helpen met het definiëren van een roadmap voor microservice-architectuur. In veel projecten is het onduidelijk hoe wensen geprioriteerd moeten worden. Met impact mapping breng je in kaart welke impact een nieuwe IT-functie of -dienst heeft op de verschillende gebruikersgroepen, verspreid over verschillende IT systemen. Deze communicatie tool biedt de mogelijkheid om globale business-objectives tussen de verschillende teams af te stemmen.</p>\r\n<p>Ik zal niet beweren dat microservice-architectuur de heilige graal is voor ieder bedrijf om IT ontwikkelingen te organiseren. Echter als je technologisch voorop wil blijven lopen, kapitaal investeringen wilt verplaatsen naar operationele kosten en meerdere IT functies wilt aanbieden, dan biedt een Micro Service Architecture een unieke kans om dit te realiseren. Een architectuur die gedreven wordt door de bedrijfsvoering, zo accelereer je business.</p>\r\n<p>Over de auteur</p>\r\n<p>Wouter van Ooijen, 25 jaar oud, is oprichter van IT-coöperatie DUODEKA en horecasysteem Mr. Winston. Hij startte met programmeren op zijn 12e jaar en is sindsdien niet meer gestopt. Zijn passie voor programmeren is later samen gekomen met een passie voor ondernemen. Binnen DUODEKA en Mr. Winston houdt Wouter zich bezig met de service architectuur van systemen. De achtergrond voor deze rol heeft hij te danken aan zijn studie aan de Universiteit van Tilburg (Bachelor Economie en Informatica en de master Information Management), waar hij zich met name heeft bezig gehouden met de vraag hoe business aansluit op IT en vise versa.</p>\r\n<p>Referenties</p>\r\n<p>McIlroy, M. D., Pinson, E. N., &amp; Tague, B. A. (1978). UNIX Time‐Sharing System: Foreword. Bell System Technical Journal, 57(6), 1899-1904.</p>\r\n<p>Peltz, C. (2003). Web services orchestration and choreography. Computer, 36(10), 46-52.</p>', 4, NULL, NULL),
(5, '<p><em>In deze student entrepreneur vertelt <strong style=\"font-weight: 300;\">Daan Schoofs</strong> hoe hij samen met Dion Duimel, Joseph Rousseau, Koen Lavrijssen, Rik van de Looi en Wouter van Ooijen “DUODEKA” heeft opgericht. Het interview is gemaakt in samenwerking met Starterslift Tilburg, het centrum van Tilburg University voor ondernemende studenten met groot talent en ambitie.</em></p>\r\n<h4>Interview</h4>\r\n<p><strong>Daan Schoofs, kun je in het kort uitleggen wat het bedrijf zoal doet en wat het probeert te bereiken?</strong><br />\r\nIedereen laten profiteren van de mogelijkheden van IT, dat is de missie van DUODEKA. Wij werken intensief samen met partners uit het veld om IT producten te vermarkten en maatwerk software te ontwikkelen vanuit een business-first perspectief. Wij stemmen onze IT producten af op de business met als doel het verbeteren van bedrijfsresultaten.</p>\r\n<p>DUODEKA is een coöperatie bestaande uit een groep jonge Serial Entrepreneurs gespecialiseerd in PHP en JavaScript development. Door de combinatie van ondernemerschap en development kunnen wij ons focussen op Agile software vermarkting en development. Kleine, slimme investeringen doen, in recurring loops, om zo snel mogelijk een passende oplossing te vinden.</p>\r\n<p><strong>Wanneer kwam je met het idee om je eigen bedrijf te beginnen?<br />\r\n</strong>Hoewel ik tijdens mijn studie altijd ondernemend bezig was, ben ik nooit een ondernemer geweest. Richting mijn afstuderen, na het verzamelen van onderzoeksgegevens in Jakarta en tijdens de sollicitatie-processen, besefte ik me dat ik een bepaalde vrijheid wilde waarbinnen ik me volledig zou kunnen focussen op datgene wat ik echt belangrijk vind. Ik heb mezelf toen leren programmeren en begon na te denken over het starten van mijn eigen bedrijf.</p>\r\n<p><strong>Ondernemen vergt natuurlijk een flinke dosis lef. Wat heeft je ertoe gezet om de eerste stap te zetten en te beginnen?<br />\r\n</strong>Toen ik eenmaal had besloten dat ik een eigen bedrijf wilde starten, was ik ervan overtuigd dat als ik klein zou beginnen, mezelf zou omringen met ondernemers, er zich vanzelf mooie kansen zouden voordoen. In de incubator van Starterslift heb ik de jongens ontmoet waarmee we DUODEKA zijn begonnen.</p>\r\n<p><strong>Is het combineren van studeren en ondernemen gemakkelijk te combineren?<br />\r\n</strong>Het opbouwen en doorontwikkelen van een organisatie vergt continue aandacht. De combinatie tussen studie en ondernemen is uitdagend. Het brengt een enorme drain op je resources teweeg. Je hebt simpelweg minder FTE beschikbaar.</p>\r\n<p><strong>Wat is het belangrijkste dat je hebt geleerd tijdens het ondernemen dat je niet tijdens je studie kan leren?<br />\r\n</strong>De waarde van ‘gewoon beginnen’. In de universitaire wereld worden wij aangeleerd om alles eerst extensief te beredeneren. Hierdoor wordt echter vergeten dat ondernemen ook vooral doen is en dat door zo snel mogelijk met je potentiële klantengroep in contact te komen de meest waardevolle inzichten ontstaan.</p>\r\n<p><strong>Welke vaardigheden heb je tijdens je studie vergaard die je nu gebruikt in je dagelijkse activiteiten voor DUODEKA?<br />\r\n</strong>Ondernemen in IT is niet echt wat je wordt aangeleerd bij de studie Bestuurskunde aan de Tilburg University, maar de focus van Bestuurskunde op structuren, processen en regelgeving helpt mij nog dagelijks bij de inrichting van onze organisatie. Extra-curriculaire activiteiten hebben mij vaardigheden aangeleerd op het gebied van project- en teammanagement en strategie ontwikkeling. Deze kennis en vaardigheden zijn onmisbaar als je een groep mensen in een organisatie wilt veranderen.</p>\r\n<p><strong>Hoe zie je de toekomst van DUODEKA?<br />\r\n</strong>DUODEKA is een platform voor (jonge) technische ondernemers waarbinnen iedereen zijn eigen spotlight verdient. Met die focus zullen wij onze organisatie internationaal uitbreiden en uitrollen. DUODEKA is een omgeving waarbinnen we continue op zoek zijn naar nieuwe mogelijkheden voor IT Ventures. Door onze ondernemende en commerciële achtergrond centraal te stellen zullen wij steeds meer organisaties kunnen laten profiteren van de mogelijkheden van IT.</p>\r\n<p><strong>Heb je nog een goed advies voor starters of studenten die voor zichzelf willen beginnen?</strong></p>\r\n<blockquote><p><strong>“Stop met plannen, ga gewoon beginnen.”</strong> (Daan Schoofs)</p></blockquote>\r\n<p>Credits: <a href=\"https://faces-online.nl/duodeka-profiteren-mogelijkheden-it/\" target=\"_blank\" rel=\"noopener noreferrer\">faces-online.nl</a></p>', 5, NULL, NULL),
(6, '<p>Gebruiksvriendelijke en kosteloze software die het management meer inzicht geeft in praktische en administratieve zaken, het klinkt haast te mooi om waar te zijn. De DUODEKA coöperatie heeft met steun van haar Backbone studenten een plannings- en urenregistratiesysteem ontwikkeld, waar ook jouw bedrijf gebruik van kan en mag maken.</p>\r\n<p>Al sinds de oprichting van de DUODEKA coöperatie bestaat er behoefte aan een systeem om arbeidsuren te kunnen bijhouden en meer inzicht te krijgen in de taken van het management. Het systeem dat eerst werd gebruikt door DUODEKA voldeed niet meer aan de vraag. Een groeiend aantal werknemers en de behoefte aan meer inzicht zorgden voor een verlangen naar een beter systeem. Kortom, er moest een systeem ontwikkeld worden om meer inzicht te krijgen in praktische en administratieve zaken. Denk hierbij aan zaken als <i>welke taken vergen de meeste tijd? </i>of <i>welke uren zijn declarabel?</i></p>\r\n<p>De vraag naar een nieuw systeem is neergelegd bij de studenten van onze Backbone opleiding. De Backboners zijn aan de slag gegaan met de case en zijn met een oplossing gekomen: samen hebben zij Replan ontwikkeld. Replan is niet alleen technisch uitmuntend, maar sluit ook perfect aan op onze bedrijfsprocessen. Een bijkomstig voordeel is dat Replan kosteloos gebruikt kan worden, hetgeen op lange termijn kostenbesparing oplevert. Bovendien is Replan gestandaardiseerd, zodat het ook bij jouw bedrijf ingezet kan worden.</p>\r\n<p>Ben jij benieuwd naar Replan? Dan hebben wij een demo voor jou beschikbaar. Neem een kijkje op replan.duodeka.nl! Heb jij ook interesse in het krijgen van meer inzicht in jouw werknemers? En zou jij graag helemaal <b>gratis </b>gebruik willen maken van Replan? Neem dan contact met ons op!</p>', 6, NULL, NULL),
(7, '<p><a href=\"https:duodeka.test/\">DUODEKA</a> is hard aan het groeien. Dit heeft zich de afgelopen tijd niet alleen vertaald in een nieuw kantoor, maar ook in een aantal nieuwe medewerkers. Vandaag introduceren wij David aan jullie!</p>\r\n<p><strong>Wie is David?</strong></p>\r\n<p><em>David</em>: Mijn naam is David Schulpen, ik ben negentien jaar en studeer Communicatie &amp; Informatiewetenschappen aan de Universiteit van Tilburg. Doordeweeks ben ik woonachtig op kamers in Tilburg, in het weekend ben ik meestal in mijn geboorteplaats Sittard. Binnen mijn opleiding volg ik de specialisatie Bedrijfscommunicatie- en Digitale Media, zo hoop ik mijzelf klaar te stomen voor een carrière in de marketing. Ook ben ik fanatiek voetbalsupporter en schrijf hierover op <a href=\"https://www.indehekken.net/\">In de Hekken</a>.</p>\r\n<p><img class=\"alignnone size-full wp-image-3754\" src=\"https://duodeka.nl/app/uploads/2018/05/david.jpg\" alt=\"\" width=\"500\" height=\"700\" srcset=\"https://duodeka.nl/app/uploads/2018/05/david.jpg 500w, https://duodeka.nl/app/uploads/2018/05/david-214x300.jpg 214w\" sizes=\"(max-width: 500px) 100vw, 500px\" /></p>\r\n<p><strong>Wat doe jij bij DUODEKA?</strong></p>\r\n<p><em>David</em>: Sinds ongeveer twee maanden geleden loop ik stage als (online) marketeer bij DUODEKA. Dagelijks ben ik bezig met het bijhouden van de Sociale Media kanalen, het schrijven van blogs, website teksten en nieuwsbrieven, Google Analytics, SEO en probeer ik DUODEKA onder de aandacht te brengen in de media.</p>\r\n<p><strong>Waarom DUODEKA?</strong></p>\r\n<p><em>David: </em>Om mezelf naast mijn opleiding in de praktijk te ontwikkelen ben ik op eigen initiatief op zoek naar een stageplaats gegaan. Na oorspronkelijk gesolliciteerd te hebben bij Bobmail, bracht Bob van Bobmail mij in contact met de mannen van DUODEKA. Bij DUODEKA waren ze op zoek naar een stagiair (online) marketing. Deze taak vul ik sinds eind januari in. DUODEKA is een fris bedrijf waarvan het management volledig bestaat uit jonge ondernemers. Ik krijg veel vrijheid, maar wordt ook gestuurd waar nodig. In deze omgeving kan ik mezelf ideaal ontwikkelen!</p>\r\n<p><strong>Wat hoop je te bereiken bij DUODEKA? </strong></p>\r\n<p><em>David: </em>In de eerste plaats hoop ik de komende zes maanden te gaan knallen op het gebied van (online) marketing. Na afloop van deze zes maanden zullen we zien wat de toekomst brengt.</p>\r\n<p>Nader kennismaken met David? Kom eens langs op onze altijd gezellige VrijMiBo!</p>', 7, NULL, NULL),
(8, '<p>Jij wilt meer weten over het <strong>Minimum Viable Product</strong>, grote kans dat je ook geïnteresseerd bent in de<strong><a href=\"https://duodeka.nl/lean-startup-methode/\"> Lean Startup Methode</a></strong>. Dan is het waarschijnlijk beter om eerst ons <strong><a href=\"https://duodeka.nl/lean-startup-methode/\">blog over de Lean Startup Methode</a></strong> te lezen. In dit blog vertellen wij jou alles over specifiek met Minimum Viable Product.</p>\r\n<p>Het Minimum Viable Product wordt anno 2019 door een hoop bedrijven gebruikt om hun bedrijfsidee te toetsen (bijvoorbeeld wanneer men de Lean Startup Methode gebruikt). Maar wat is een Minimum Viable Product (MVP) nou precies?</p>\r\n<h2>Wat is een Minimum Viable Product?</h2>\r\n<p>Een MVP wordt vaak vergeleken met een prototype. Echter, een MVP is niet exact hetzelfde als een prototype. Een MVP is een product dat klaar is om door te groeien: een product met een absoluut minimum aan functionaliteiten, waarmee de levensvatbaarheid van het product kan worden getoetst. Een bedrijf kan met een MVP beoogde potentiële klanten benaderen en vragen om feedback. Is de feedback positief? Ga dan door met het ontwikkelen van het product. Is de feedback negatief? Dan zullen er de nodige aanpassingen nodig zijn of het product is in zijn geheel niet levensvatbaar.</p>\r\n<p>Eric Ries definieert in zijn boek De Lean Startup het begrip Minimum Viable Product perfect: “<em>Het Minimum Viable Product is de versie van een product die een team gebruikt om er het maximale aantal leerpunten over gebruikers uit te trekken, met minimale inspanning</em>.”</p>\r\n<h2>Feedback vergaren</h2>\r\n<p>Je kunt je MVP toetsen door beoogde potentiële klanten te benaderen, maar denk ook aan bijvoorbeeld investeerders. Kies een aantal collega ondernemers uit je netwerk die behoren tot je potentiële doelgroep, en vraag hen simpelweg of ze je product (MVP) willen reviewen.</p>\r\n<h2>Hulp nodig?</h2>\r\n<p>Wil jij jouw bedrijfsidee ook toetsen middels een MVP? Neem gerust <a href=\"https://duodeka.nl/contact\">contact</a> met ons op, dan kijken wij wat wij voor jou kunnen betekenen.</p>', 8, NULL, NULL),
(9, '<p><b>Ben jij of ken jij iemand die ontzettend veel tijd en geld heeft geïnvesteerd in eigen maatwerk software? Maar ontbreekt het inzicht in de kwaliteit van deze software? Dan ben je bij ons op het juiste adres. Wij doen een software kwaliteitscontrole, waarbij wij uitgebreid de kwaliteit van jouw software controleren. Ook nemen wij de toekomstbestendigheid van jouw software onder de loep. Vervolgens leveren we een rapport met analyse en aanbevelingen waarbij zowel op de techniek als op het proces is gelet. </b></p>\r\n<h1><b>Vraagtekens bij software kwaliteit</b></h1>\r\n<p>Veel bedrijven hebben hun eigen op maat geproduceerde <a href=\"https://nl.wikipedia.org/wiki/Software\">software</a> laten ontwikkelen door een derde partij (<a href=\"https://duodeka.nl/standaard-of-maatwerk-software/\">niet helemaal duidelijk wat het verschil is tussen maatwerk en standaard software?</a>). Wanneer de software uiteindelijk geleverd wordt, is het voor de opdrachtgever vaak lastig om de <strong>kwaliteit</strong> van de geleverde software te <strong>bepalen</strong>. Wanneer dit het geval is, willen wij van DUODEKA jou graag de helpende hand bieden met een <strong>software kwaliteitscontrole</strong>.</p>\r\n<p><img class=\"aligncenter wp-image-2545 size-full\" src=\"https:duodeka.test/app/uploads/2018/04/Software-kwaliteitcontrole-1.png\" alt=\"Software kwaliteitscontrole\" width=\"700\" height=\"147\" srcset=\"https://duodeka.nl/app/uploads/2018/04/Software-kwaliteitcontrole-1.png 700w, https://duodeka.nl/app/uploads/2018/04/Software-kwaliteitcontrole-1-250x53.png 250w, https://duodeka.nl/app/uploads/2018/04/Software-kwaliteitcontrole-1-120x25.png 120w\" sizes=\"(max-width: 700px) 100vw, 700px\" /></p>\r\n<h2><b>Software kwaliteitscontrole</b></h2>\r\n<p>We gaan, wanneer jij hier behoefte aan hebt, van start met een <strong>vrijblijvende kennismaking</strong>. Tijdens de kennismaking kun jij ons alles vertellen over jouw business, zodat wij hier voldoende inzicht in krijgen. Vervolgens doen wij een<strong> uitgebreide controle</strong> op de kwaliteit van jouw software. Ook analyseren wij de <strong>toekomstbestendigheid</strong> van jouw software. Wij kijken hierbij zowel naar de techniek als het proces. <a href=\"https://duodeka.nl\">DUODEKA </a>bestaat uit jonge technische ondernemers, die over zowel veel kennis van business als van programmeren beschikken. Wij gaan jouw software niet alleen op technische aspecten controleren, maar juist ook vanuit een <strong>business-perspectief</strong>.</p>\r\n<p>Ook zullen wij rekening houden met zaken als schaalbaarheid, overdraagbaarheid en project management processen. Deze begrippen komen voor jou, in relatie met software, wellicht onduidelijk over. Echter, wij zullen aan jou na onze eerste afspraak duidelijk toelichten wat wij met oog op jouw business belangrijk vinden. Wellicht komen we dan gezamenlijk tot de conclusie dat de schaalbaarheid van jouw software aan verbetering toe is. Dit houdt in dat jouw software, bij de groei van jouw bedrijf, niet meer in staat is om naar wens te functioneren. Vaak wordt er bij het ontwerpen van software te weinig rekening gehouden met de schaalbaarheid. Wij zorgen ervoor dat jouw software in de toekomst altijd in staat is de werklast efficiënt te verwerken. Wanneer dit achter de rug is, leveren wij een <strong>overzichtelijk</strong> en <strong>laagdrempelig</strong> rapport met analyse en aanbevelingen.</p>\r\n<p><img class=\"aligncenter wp-image-1471 size-full\" src=\"/app/uploads/2017/12/THAR-fotoshoot-1200X800-e1512750915248.jpg\" alt=\"Software kwaliteitscontrole\" width=\"719\" height=\"408\" /></p>\r\n<h4><b>Verbetering kwaliteit software</b></h4>\r\n<p>Mocht er gezamenlijk tot de conclusie gekomen worden dat de software toe is aan vervanging of innovatie, kun je ons hier ook voor inschakelen. Vanuit een business-first perspectief gaan wij voor jou aan de slag, waarbij wij onszelf altijd blijven afvragen of iets ontwikkeld MOET worden, in plaats van of iets ontwikkeld KAN worden.</p>\r\n<p>Plaats jij ook vraagtekens bij de kwaliteit van jouw software? En heb jij behoefte aan een software kwaliteitscontrole? Neem gerust <a href=\"https://duodeka.nl/contact\">contact</a> met ons op, dan plannen we samen een vrijblijvende eerste koffie afspraak in!</p>\r\n<p>Naast het doen van software kwaliteitscontroles, kun je ons inschakelen voor al jouw IT-gerelateerde problemen en uitdagingen. <a href=\"https://duodeka.nl\">DUODEKA</a> treedt bijvoorbeeld op als IT consultant of als ontwikkelaar van maatwerk software.</p>', 9, NULL, NULL),
(10, '<p>IT problemen zijn vaak een bron van frustratie binnen een bedrijf. Een sterke groei doormaken, maar geremd worden door achterblijvende IT. Werknemers die veel tijd verliezen aan het ondersteunen van collega’s waarbij het schort aan digitale vaardigheden. Hoge kosten door een externe leverancier die op regelmatige basis langs moet komen om IT problemen op te lossen. Het zijn herkenbare problemen voor bijna alle bedrijven.</p>\r\n<p>Uit een onderzoek van van Deursen en van Dijk (2012) blijkt dat in Nederland maar liefst 7.6% van de werktijd verloren gaat aan het oplossen van IT-gerelateerde problemen. Wekelijks gaat er dus een behoorlijke hoeveelheid tijd, geld en energie verloren aan <a href=\"https://overhetnieuwewerken.nl/negen-van-de-tien-werknemers-kampen-met-it-problemen/?vakmedianet-approve-cookies=1&amp;_ga=2.214805655.1820381622.1546947341-2045250931.1546947341\">IT problemen</a>. Om het bovenstaande percentage meer concreet te maken: uit de steekproef van het onderzoek van van Deursen en van Dijk blijkt dat werknemers gemiddeld 1.7 keer per week te kampen hebben met een IT-gerelateerd probleem.</p>\r\n<p>&nbsp;</p>\r\n<p><img class=\"alignnone size-medium wp-image-2232\" src=\"https:duodeka.test/app/uploads/2018/06/neonbrand-618320-unsplash-250x156.jpg\" alt=\"Herkenbare IT-problemen\" /></p>\r\n<p>Regelmatig weten werknemers de problemen na verloop van tijd zelf op te lossen en soms moet de hulp van een collega worden ingeschakeld, maar het inschakelen van een helpdesk blijft de meest voorkomende oplossing: een tijdrovend proces. Echter, sommige IT-problemen zijn groter van aard: ze keren op regelmatige basis terug of kunnen niet zomaar opgelost worden. Ruim een op de vijf respondenten van het onderzoek van van Deursen en van Dijk (2012) geeft aan dat het bedrijf waar hij of zij werkzaam is de ICT-omgeving structureel niet op orde heeft.</p>\r\n<h3><strong>Herkenbare IT problemen</strong></h3>\r\n<p>Een met regelmaat terugkerende oorzaak van IT problemen ontstaat wanneer een bedrijf een flinke groei door maakt. De IT groeit niet mee en opschaling is vaak niet mogelijk. Ook behoefte aan uitbreiding van de mogelijkheden van de huidige software is een herkenbaar IT-probleem voor veel bedrijven. Problemen met CRM en ERP systemen zijn eveneens herkenbaar voor veel bedrijven. Wanneer een externe leverancier regelmatig langs moet komen om de problemen op te lossen, stapelen de kosten zich behoorlijk op.</p>\r\n<blockquote>\r\n<p style=\"text-align: center;\"><a href=\"https://duodeka.nl/cases/e-learning-platform/\"><em>E-learning THAR</em></a><br />\r\n<em><a href=\"https://www.tharuitgeverij.nl/\">THAR</a>, ontwikkelaar van digitaal lesmateriaal, had groeiende ambities. Echter, de softwareleverancier van THAR kon deze groei niet bijbenen. Het geremd worden in groei door deze IT problematiek was een groot probleem voor het bedrijf. THAR ging op zoek naar een nieuwe software ontwikkelaar, en kwam terecht bij DUODEKA. Vanaf dat moment kon THAR zich bezighouden met hetgeen waar ze echt goed in zijn.</em></p>\r\n</blockquote>\r\n<h3><strong>De oplossing</strong></h3>\r\n<p>Veel bedrijven willen het verliezen van kostbare tijd aan IT problemen tegengaan met bijvoorbeeld een cursus digitale vaardigheden voor hun personeel, ze vertrouwen op de helpdesk of leggen zich erbij neer dat de externe leverancier regelmatig langs moet komen. Echter, een structurele oplossing zal je op lange termijn heel veel geld besparen.</p>\r\n<p><img class=\"alignnone wp-image-2235 size-medium\" src=\"https:duodeka.test/app/uploads/2018/06/stefan-stefancik-257625-unsplash-250x156.jpg\" alt=\"\" width=\"250\" height=\"156\" /></p>\r\n<p>&nbsp;</p>\r\n<p>Is een van de bovenstaande problemen herkenbaar voor jou? Of loop je tegen andere IT problemen aan? Neem dan gerust contact op met <a href=\"https://duodeka.nl/contact\">DUODEKA</a>, de IT specialist in regio Tilburg. Je kunt ons benaderen voor specifieke vragen over de IT-omgeving van jouw bedrijf, of juist voor een meer <a href=\"https://duodeka.nl/software-kwaliteit-controle/\"><strong>algemene kwaliteitschecks</strong></a> op jouw software. Dan proberen wij vast te stellen waar de problemen liggen binnen jouw IT omgeving. Voor grote <a href=\"http://www.duodeka.nl\">IT projecten</a> zijn wij ook benaderbaar.</p>\r\n<p>Weet je eigenlijk helemaal niet wat je precies wil? Maar heb je wel het gevoel dat er meer winst te halen valt uit IT? Ook dan ben je van harte welkom bij ons. We gaan van start met een vrijblijvende koffie-afspraak, waar je alles aan ons kunt vertellen over jouw business en software. <a href=\"https://duodeka.nl/contact\">Klik hier voor onze contactpagina</a>.</p>\r\n<p>Vond je deze blog interessant? Dan vind je ons blog over de keuze tussen standaard en maatwerk software vast ook interessant. Lees hem <a href=\"https://duodeka.nl/standaard-of-maatwerk-software/\"><strong>hier</strong></a>!</p>', 10, NULL, NULL),
(11, '<p><a href=\"https://personalprotein.nl/\">Personal Protein</a> is een Amsterdamse start-up die zich specialiseert in het leveren van neutrale (niet-gesmaakte) eiwitten. Personal Protein heeft de ambitie om zowel de B2C als de B2B markt te gaan veroveren. <a href=\"http://www.duodeka.nl\">DUODEKA</a> heeft voor Personal Protein een maatwerk webshop ontwikkeld waarmee dit doel bereikt moet gaan worden.</p>\r\n</div>\r\n<div>\r\n<h2>De vraag van Personal Protein</h2>\r\n<p>Personal Protein produceert al jaren miljoenen kilo’s aan eiwitpoeder voor partijen als Friesland Campina. Om hun business op te schalen wilde het bedrijf ook direct aan consumenten gaan verkopen. Om deze reden was er behoefte aan een maatwerk webshop.</p>\r\n<p><img class=\"alignnone size-large wp-image-3717\" src=\"https://duodeka.nl/app/uploads/2019/07/Kopie-van-mobile-1024x803.png\" alt=\"Personal Protein webshop\" width=\"1024\" height=\"803\" srcset=\"https://duodeka.nl/app/uploads/2019/07/Kopie-van-mobile-1024x803.png 1024w, https://duodeka.nl/app/uploads/2019/07/Kopie-van-mobile-300x235.png 300w, https://duodeka.nl/app/uploads/2019/07/Kopie-van-mobile-768x602.png 768w, https://duodeka.nl/app/uploads/2019/07/Kopie-van-mobile.png 1536w\" sizes=\"(max-width: 1024px) 100vw, 1024px\" /></p>\r\n</div>\r\n<div>\r\n<h2>De Oplossing</h2>\r\n<p>Ten eerste zijn alle functionaliteiten die Personal Protein graag wil behouden, verbeteren en toevoegen in kaart gebracht. In samenwerking met de designers van Personal protein is er een maatwerk design gemaakt. Tot slot is het technische ontwerp opgesteld. De gebruiksvriendelijkheid wordt middels deze stappen gewaarborgd. Cyclisch hebben DUODEKA en Personal Protein naar het eindresultaat toegewerkt.</p>\r\n</div>\r\n<div>\r\n<h2>Ontwikkeling &amp; transformatie bedrijfmodel</h2>\r\n<p>Met de nieuwe maatwerk webshop kan Personal Protein grote stappen zetten in het verwezenlijken van hun ambitie om de B2C en B2B te veroveren.</p>', 11, NULL, NULL),
(12, '<p><strong>Bij het afnemen van websoftware komt men voor een belangrijke beslissing te staan: gaan we voor standaard softwarepakketten of voor maatwerk? Zo’n standaard pakket wordt tegenwoordig ook wel SaaS genoemd, mits het online wordt aangeboden. Standaard en maatwerk software hebben beide hun voor- en nadelen. Dit artikel weegt de voor- en nadelen van standaard en maatwerk software af, waardoor jou hopelijk de ondersteuning wordt geboden die je nodig hebt bij het maken van de juiste beslissing. Werken met standaard of maatwerk software?</strong></p>\r\n<p><img class=\"alignnone size-large wp-image-2564\" src=\"https://duodeka.nl/app/uploads/2018/06/image-2018-06-19-700x466.png\" alt=\"Standaard of maatwerk software\" width=\"700\" height=\"466\" srcset=\"https://duodeka.nl/app/uploads/2018/06/image-2018-06-19-700x466.png 700w, https://duodeka.nl/app/uploads/2018/06/image-2018-06-19-250x167.png 250w, https://duodeka.nl/app/uploads/2018/06/image-2018-06-19-768x512.png 768w, https://duodeka.nl/app/uploads/2018/06/image-2018-06-19-120x80.png 120w, https://duodeka.nl/app/uploads/2018/06/image-2018-06-19-272x182.png 272w, https://duodeka.nl/app/uploads/2018/06/image-2018-06-19.png 896w\" sizes=\"(max-width: 700px) 100vw, 700px\" /></p>\r\n<p>&nbsp;</p>\r\n<h3><strong>Wat is Standaard Software (SaaS)?</strong></h3>\r\n<p>Standaard softwarepakketten zijn softwarepaketten die online (via het internet) worden aangeboden, deze noemen we ook wel SaaS. De gebruiker hoeft de software niet voor een vast bedrag aan te schaffen, maar betaalt (bijvoorbeeld maandelijks) voor het gebruik van de software. De klant kan besparen op software investeringen, hardware- en personeelskosten. Deze kosten worden betaald door de leverancier en dus doorberekend aan de afnemer. Denk bijvoorbeeld aan: Google Drive, Hotmail of Exact Online.</p>\r\n<h4>Voordelen standaard software (Saas)</h4>\r\n<p>De belangrijkste voordelen voor jou als eindgebruikers zijn hier samengevat:</p>\r\n<ul style=\"list-style-type: disc;\">\r\n<li><strong>Gebruiksgemak</strong>; vaak is jouw pakket met enkele klikken al klaar voor gebruik. Je hoeft als afnemer geen software te installeren.</li>\r\n<li><strong>Lagere opstartkosten</strong>; er zijn geen grote kapitaal investeringen nodig, hetgeen SaaS ideaal maakt om laagdrempelig te testen.</li>\r\n<li><strong>Pay-per-use</strong>; indien gewenst kan je SaaS makkelijk opschalen. Vaak betaal je per gebruiker, wat dus betekent dat je niet onnodig veel betaald.</li>\r\n<li><strong>Minder verantwoordelijkheid</strong>; de leverancier is verantwoordelijk voor zaken zoals back-up’s, security en onderhoud aan de soft-en hardware. Ook bij fouten zal de leverancier zorgen voor disaster recovery.</li>\r\n</ul>\r\n<h4>Nadelen standaard software (SaaS)</h4>\r\n<p>Natuurlijk zijn er ook een aantal nadelen te noemen, zoals:</p>\r\n<ul style=\"list-style-type: disc;\">\r\n<li><strong>Aanpasbaarheid</strong>; omdat het een standaard pakket is zal de bedrijfsvoering moeten worden aangepast naar de software. Dit kan betekenen dat jouw processen (volledig) op de schop moeten. Een bijkomend voordeel is dan wel dat je ze direct kan optimaliseren!</li>\r\n<li><strong>Toepasbaarheid</strong>; veel standaard pakketten dienen een specifieke taak of afdeling, waardoor je in de praktijk meerdere pakketten nodig hebt om je bedrijf te runnen. Meer diversiteit neemt uiteraard ook complexiteit met zich mee. Bij te veel pakketten kan het onhandig en duur worden.</li>\r\n<li><strong>Afhankelijkheid</strong>; je bent afhankelijk van een leverancier, waardoor mogelijk een vendor lock-in kan ontstaan. Dit kan met name vervelend zijn als de leverancier failliet gaat, maar bijvoorbeeld ook zodra jij wilt opschalen en de leverancier enorm hoge prijzen hanteert.</li>\r\n</ul>\r\n<p><img class=\"aligncenter wp-image-2230 size-large\" src=\"https:duodeka.test/app/uploads/2018/06/jeshoots-com-219388-unsplash-700x438.jpg\" alt=\"\" width=\"700\" height=\"438\" /></p>\r\n<p>Verder zijn er naast deze voor-en nadelen ook nog andere redenen om wel/niet voor SaaS te kiezen. <em>Want hoe zit dat nu met de data? Waar staat jouw data opgeslagen? Wie verwerkt het? Wat wordt er verwerkt en met welk doel?</em> Allemaal vragen waar jij in het kader van de <a href=\"https://autoriteitpersoonsgegevens.nl/nl/onderwerpen/avg-europese-privacywetgeving/algemene-informatie-avg\">AVG</a> sinds dit jaar aan een helder antwoord op moet kunnen geven.</p>\r\n<p>Kortom, standaard software (SaaS) is doorgaans goedkoper (met name bij relatief weinig gebruikers), sneller en gemakkelijker te implementeren. Maar Of SaaS onder de streep echt goedkoper is zal afhangen van hoe groot de investering is bij maatwerk. Verderop in dit artikel wordt dit duidelijker met een leuk voorbeeld.</p>\r\n<p><img class=\"aligncenter wp-image-2570 size-large\" src=\"https:duodeka.test/app/uploads/2018/06/icons-for-website-01-700x518.png\" alt=\"Maatwerk software\" width=\"700\" height=\"518\" srcset=\"https://duodeka.nl/app/uploads/2018/06/icons-for-website-01-700x518.png 700w, https://duodeka.nl/app/uploads/2018/06/icons-for-website-01-250x185.png 250w, https://duodeka.nl/app/uploads/2018/06/icons-for-website-01-768x568.png 768w, https://duodeka.nl/app/uploads/2018/06/icons-for-website-01-120x89.png 120w, https://duodeka.nl/app/uploads/2018/06/icons-for-website-01.png 1124w\" sizes=\"(max-width: 700px) 100vw, 700px\" /></p>\r\n<h3><strong>Wat is Maatwerk Software?</strong></h3>\r\n<p>Maatwerk software is software die geheel naar wens van de afnemers wordt ontworpen. In tegenstelling tot standaard pakketten wordt maatwerk software perfect afgestemd op je wensen en processen. De voor-en nadelen zijn hier op een rijtje gezet.</p>\r\n<h4>Voordelen maatwerk software</h4>\r\n<ul style=\"list-style-type: disc;\">\r\n<li><strong>Aanpasbaarheid</strong>; aansluiting van IT op jouw bedrijf is makkelijk te realiseren. De software wordt haarfijn uitgelijnd met jouw bedrijfsprocessen, mits je een goede IT leverancier hebt natuurlijk!</li>\r\n<li><strong>Beheersbaarheid</strong>; je bent zelf in beheer van je data. Dit maakt het dat buitenlandse wetgevingen niet van toepassing zijn zolang jij geen business doet in desbetreffende landen. Denk aan: De Amerikaanse <a href=\"https://nl.wikipedia.org/wiki/USA_PATRIOT_Act\">Patriot Act</a> en de <a href=\"https://nl.wikipedia.org/wiki/Sarbanes-Oxley\">Sarbanes-Oxley Act</a> die van toepassing zijn zodra jij je data opslaat in Amerika.</li>\r\n<li><strong>Flexibiliteit</strong>; jij bent, samen met je ontwikkelaars, eigenaar van het proces. Zo kan je zelf kiezen welk pad je bewandelt.</li>\r\n</ul>\r\n<h4>Nadelen maatwerk software</h4>\r\n<ul style=\"list-style-type: disc;\">\r\n<li><strong>Relatief hoge opstartkosten</strong>; de software wordt speciaal voor jou gemaakt en afgestemd op je bedrijfsvoering. De ontwikkelkosten worden gedragen door jou, in plaats van door talloze gebruikers op een SaaS platform. Verder zijn mogelijk de implementatie en/of trainingskosten ook voor rekening van de afnemer.</li>\r\n<li><strong>Hogere onderhoudskosten</strong>; voor o.a. updates, bug fixes en back-up’s.</li>\r\n<li><strong>Beheershaarbeid</strong>; dit is zowel een voor als nadeel. Het zelf regelen van je hardware, security, privacy neemt hogere kosten met zich mee, evenals een hoger risico.</li>\r\n</ul>\r\n<h3>Standaard of maatwerk software?</h3>\r\n<p>Het moge duidelijk zijn dat standaard en maatwerk software beide de nodige voor- en nadelen hebben. Het kiezen tussen beide is niet eenvoudig en hangt grotendeels af van zaken als je huidige (bedrijfs)omgeving, processen, toekomstwensen en budgetten. Je kan stellen dat de keuze, standaard of maatwerk software, een afweging is tussen kosten en risico’s, maar zo eenvoudig is het nog niet. Het is essentieel om stil te staan bij de vraag: <em><strong>Hoe kritisch is IT voor mijn bedrijfsvoering?</strong> </em>Verder is ook de afweging tussen eigen verantwoordelijkheid of het gemak van een leverancier waar je op terug kan vallen is een belangrijke factor in de beslissing. Wij hopen jou te hebben kunnen helpen met deze lastige beslissing: standaard of maatwerk software?</p>\r\n<p>Dit voorbeeld is een Nederlandse vertaling en tevens samenvatting van een artikel (standaard of maatwerk software) geschreven door onze eigen <a href=\"https://backbone.work/\"><strong>Backbone Works</strong></a> trainee Guido de Waal.</p>\r\n<h3><img class=\"aligncenter wp-image-1813 size-large\" src=\"https:duodeka.test/app/uploads/2018/04/backbone_logo-700x577.png\" alt=\"\" width=\"700\" height=\"577\" srcset=\"https://duodeka.nl/app/uploads/2018/04/backbone_logo-700x577.png 700w, https://duodeka.nl/app/uploads/2018/04/backbone_logo-250x206.png 250w, https://duodeka.nl/app/uploads/2018/04/backbone_logo-768x633.png 768w, https://duodeka.nl/app/uploads/2018/04/backbone_logo-120x99.png 120w, https://duodeka.nl/app/uploads/2018/04/backbone_logo.png 807w\" sizes=\"(max-width: 700px) 100vw, 700px\" />Voorbeeld: standaard of maatwerk software?</h3>\r\n<p>Bij <a href=\"https://duodeka.nl\"><strong>DUODEKA</strong> </a>hebben wij de behoefte om onze uren te kunnen registreren op klant, project en activiteit niveau. Ook wij zijn geconfronteerd met de vraag: standaard of maatwerk software? Hiervoor hebben wij in 2016 een standaard/SaaS oplossing gekozen (TimeChimp). Deze oplossing kostte ons per gebruiker 4 euro per maand. Op dat moment hadden wij slechts 6 gebruikers waardoor de maandelijkse kosten gering waren. Echter zijn wij steeds verder gaan groeien waardoor we op dit moment 20 gebruikers zouden hebben. Met een simpele rekensom kom je er dan achter dat de kosten zouden oplopen tot circa 1000 euro per jaar. Daarom hebben we ervoor gekozen om over te gaan op een maatwerkoplossing. Dit kost eenmalig wat meer tijd en geld om te implementeren, maar op de lange termijn drukken we de kosten. Bovendien sluit het nog net iets beter aan op onze wensen. De maatwerk oplossing is te bekijken op <a href=\"https://replan.duodeka.com/\">replan.duodeka.com</a> en zal binnenkort ook beschikbaar zijn voor uw bedrijf. Neem <a href=\"https://duodeka.nl/contact\">contact </a>op voor de mogelijkheden.</p>\r\n<p>Kosten van de standaard oplossing:<br />\r\n2016: 6 gebruikers * 12 maanden * 4 € = 288 €<br />\r\n2017: 12 gebruikers * 12 maanden * 4 € = 576 €<br />\r\n2018: 20 gebruikers * 12 maanden * 4 € = 960 €</p>\r\n<p>Vond je dit blog interessant? En heeft het je misschien zelfs wel geholpen met een de keuze: standaard of maatwerk software? Dan vind je ons blog over <a href=\"https://duodeka.nl/verliezen-door-it-problemen/\"><strong>veelvoorkomende IT-problemen</strong></a> wellicht ook leuk om te lezen.</p>\r\n<p>Wil jij ook verder groeien met jouw bedrijf? En verwacht jij om deze reden standaard of maatwerk software te moeten implementeren? Wij van DUODEKA helpen jouw graag. Je kunt ons inschakelen voor IT-Consultancy en het ontwikkelen van <a href=\"http://www.duodeka.nl\">maatwerk software</a>.</p>', 12, NULL, NULL);
INSERT INTO `article` (`id`, `article_body`, `creative_work_id`, `created_at`, `updated_at`) VALUES
(13, '<p>In 1979 werd het eerste elektronische spreadsheet geïntroduceerd, <a href=\"https://en.wikipedia.org/wiki/VisiCalc\">VisiCalc</a><sup>1</sup>. Door de jaren heen is de populariteit van spreadsheets enorm toegenomen, met als bekendste voorbeeld <a href=\"https://en.wikipedia.org/wiki/Microsoft_Excel\">Microsoft Excel</a>. Voor veel bedrijven is Microsoft Excel op administratief gebied hun beste vriend en dat is meer dan begrijpelijk. Excel is namelijk ontzettend toegankelijk en vrijwel iedereen kan er mee leren omgaan. Toch kleven er ook veel <strong>nadelen</strong> aan het gebruik van spreadsheets. Wij zetten onze redenen om te stoppen met Excel op een rijtje.</p>\r\n<h3>1. Excel is foutgevoelig</h3>\r\n<p>Het invoeren van data in Excel gebeurt handmatig. Hierdoor is de kans op fouten aanwezig. Verkeerde verwijzingen, onjuiste formules en <a href=\"https://www.addictivetips.com/microsoft-office/excel-2010-checking-logical-syntax-errors/\"><em>excel logic errors</em></a><sup>4</sup> zijn voorbeelden van veelvoorkomende fouten in spreadsheets. Reeds in 1996 is er onderzoek gedaan naar de <strong>foutgevoeligheid</strong> van spreadsheets. Hieruit bleek dat er vrijwel te alle tijden fouten in handmatig ingevoerde Excelsheets sluipen. De conclusie van de onderzoekers luidde dan ook: ‘<em>We do not make mistakes all the time, but we consistently make a certain number, even when we are being careful</em>’<sup>7</sup>.</p>\r\n<p>Ondanks dat in veel gevallen de gevolgen van foutieve data klein, kunnen de gevolgen ook groot zijn. Zo werden er voor de Olympische Spelen in Londen 10.000 kaarten te veel verkocht door een menselijke fout in een spreadsheet<sup>5</sup>. Bij een geautomatiseerd proces is de kans op fouten in jouw dataopslag vele malen kleiner.</p>\r\n<p><img class=\"aligncenter wp-image-2644 size-large\" src=\"https:duodeka.test/app/uploads/2018/07/Problemen-met-Excel-700x394.png\" alt=\"Stoppen met excel\" width=\"700\" height=\"394\" srcset=\"https://duodeka.nl/app/uploads/2018/07/Problemen-met-Excel-700x394.png 700w, https://duodeka.nl/app/uploads/2018/07/Problemen-met-Excel-250x141.png 250w, https://duodeka.nl/app/uploads/2018/07/Problemen-met-Excel-768x432.png 768w, https://duodeka.nl/app/uploads/2018/07/Problemen-met-Excel-120x67.png 120w, https://duodeka.nl/app/uploads/2018/07/Problemen-met-Excel.png 827w\" sizes=\"(max-width: 700px) 100vw, 700px\" /></p>\r\n<h3></h3>\r\n<h3>2. Excel is tijdrovend</h3>\r\n<p>Het feit dat data handmatig ingevoerd wordt in Excel maakt het proces niet alleen foutgevoelig, maar ook <strong>tijdrovend</strong>. De voormalig financieel controller van VolkerWessels geeft in een interview met E-mergo aan gemiddeld twee tot drie weken kwijt te zijn aan het maken van een liquiditeitsprognose met Excel<sup>2</sup>. Dit proces is qua tijd gehalveerd na een partij te hebben ingeschakeld om te automatiseren. Tijd is geld, dus geautomatiseerde systemen kunnen hier kostenbesparend werken.</p>\r\n<p>&nbsp;</p>\r\n<blockquote>\r\n<h4 style=\"text-align: center;\"><a href=\"https://duodeka.nl/cases/capaciteitsplanning-in-de-zorg/\">FZO CASE</a></h4>\r\n<p style=\"text-align: center; font-style: italic;\">Het Capaciteitsorgaan onderzoekt de opleidingscapaciteit van medische en tandheelkundige beroepen, hiervoor moeten de zorgvraag en het zorgaanbod in kaart worden gebracht. Dit gebeurde middels excel-sheets: arbeidsintensief en foutgevoelig. <a href=\"https://duodeka.nl\">DUODEKA</a> heeft een webapplicatie ontwikkeld waarmee Nederlandse zorginstellingen verwachtingen omtrent de zorgvraag en het zorgaanbod voor de komende vier jaar in kaart kunnen brengen. Het Capaciteitsorgaan heeft zo kunnen stoppen met Excel. Meer lezen over hoe het Capaciteitsorgaan en DUODEKA tot een gloednieuwe webapplicatie zijn gekomen? <a href=\"https://duodeka.nl/cases/capaciteitsplanning-in-de-zorg/\">Lees verder...</a></p>\r\n<p><img class=\"size-full wp-image-3598 aligncenter\" src=\"https://duodeka.nl/app/uploads/2019/06/fzo-2.png\" alt=\"\" width=\"450\" height=\"450\" srcset=\"https://duodeka.nl/app/uploads/2019/06/fzo-2.png 450w, https://duodeka.nl/app/uploads/2019/06/fzo-2-150x150.png 150w, https://duodeka.nl/app/uploads/2019/06/fzo-2-300x300.png 300w\" sizes=\"(max-width: 450px) 100vw, 450px\" /></p>\r\n</blockquote>\r\n<h3></h3>\r\n<h3>3. Personeel heeft (te) weinig Excel vaardigheden</h3>\r\n<p>Vaak gaan bedrijven ervan uit dat iedereen zonder problemen overweg kan met Excel. Echter, dit is minder vaak het geval dan men denkt. Veel mensen beschikken alleen over de basisvaardigheden van Excel. Uit onderzoek blijkt dat veel mensen <strong>problemen</strong> hebben met het creëren en begrijpen van formules in spreadsheets<sup>3</sup>. Soms moet personeel intern of extern opgeleid worden om kennis te verkrijgen van alle functionaliteiten van Excel. De vraag is of het geld dat geïnvesteerd wordt in het opleiden van personeel, niet beter in een lange termijn en tevens definitieve oplossing gestoken kan worden.</p>\r\n<h3>4. Excel kent problemen met schaalbaarheid</h3>\r\n<p>Ook de schaalbaarheid van Excelsheets blijkt vaak problemen met zich mee te brengen. Uit een onderzoek naar forum-posts over schaalbaarheidsproblemen in spreadsheets kan geconcludeerd worden dat de schaalbaarheid van spreadsheets een serieus <strong>issue</strong> is. Een random sample dat werd genomen van een forum waarop vragen over Spreadsheets gesteld werden, liet zien dat ruim 10% van de berichten betrekking had op problemen met schaalbaarheid<sup>6</sup>. Met name ‘te grote’ spreadsheets leverde gebruikers problemen op. Excel wordt enorm traag, loopt vast of crasht.</p>\r\n<p>Excel is een voorbeeld van een herkenbaar IT probleem voor vele bedrijven. Wij schreven al eerder een blog over het <a href=\"https://duodeka.nl/verliezen-door-it-problemen\">verliezen van tijd en geld door IT problemen</a>. Benieuwd? <a href=\"https://duodeka.nl/verliezen-door-it-problemen\">Klik hier om verder te lezen….</a></p>\r\n<h3>Stoppen met Excel?</h3>\r\n<p>Als jouw bedrijf ook graag af wil stoppen met Excel dan helpt <a href=\"https://duodeka.nl\">DUODEKA</a> jou graag met het automatiseren en digitaliseren van deze bedrijfsprocessen.</p>\r\n<h3>Bronnen</h3>\r\n<p>1. Baker, J., &amp; Sugden, S. J. (2007). Spreadsheets in Education - The First 25 Years. Spreadsheets in Education (ejSiE), 1(1).</p>\r\n<p>2. E-mergo (2016). Waarom een ERP systeem niet genoeg is voor je Planning&amp;Control Cyclus. Verkregen van: https://www.e-mergo.nl/erp-niet-genoeg-voor-financial-control/</p>\r\n<p>3. Hendry, D. G. &amp; Green, T. R. G. (1994). Creating, comprehending and explaining spreadsheets: a cognitive interpretation of what discretionary users think of spreadsheet model. International Journal of Human-Computer Studies, 40(6), 1033-1065.</p>\r\n<p>4. https://www.addictivetips.com/microsoft-office/excel-2010-checking-logical-syntax-errors/</p>\r\n<p>5. IBM Analytics (2015). Spreadsheets for planning? A popular tool needs help [Whitepaper].</p>\r\n<p>6. Mack, K., Lee, J., Chang, K., Karahalios, K., &amp; Parameswaran, A. (2018). Characterizing Scalability Issues in Spreadsheets Software using Online Forums. arXiv preprint arXiv: 1801.03829</p>\r\n<p>7. Panko, R. R., &amp; Halverson, R. (1996). Spreadsheets on trail: a survey of research on spreadsheet risks. Proceedings of the 29th Annual Hawaii International Conference on System Sciences.</p>', 13, NULL, NULL),
(14, '<p><strong>Na jaren werkzaam geweest te zijn binnen de mainframe branche vond Guido de Waal het tijd voor iets anders. Door zijn grote hoeveelheid opgedane werkervaring kwam Guido erachter dat automatisering bedrijven een enorme impuls kan geven, iets waar hij graag zijn bijdrage aan wilt leveren. Guido besloot zich te laten omscholen tot IT&#8217;er. In maart begon Guido aan zijn avontuur in de <a href=\"https://duodeka.nl\">DUODEKA </a>Academy, ook bekend als <a href=\"https://backbone.work/\">Backbone Works</a>. Binnen vijf maanden wist hij zijn certificaat te behalen. Nu is Guido klaargestoomd voor de arbeidsmarkt als Full-Stack PHP developer met een mooie functie als Full-Stack developer als uitkomst! In dit artikel blikken we samen met Guido terug op zijn tijd in de Backbone opleiding.</strong></p>\r\n<p><img class=\"size-large wp-image-1813 aligncenter\" src=\"https:duodeka.test/app/uploads/2018/04/backbone_logo-700x577.png\" alt=\"Omscholen tot IT\'er\" srcset=\"https://duodeka.nl/app/uploads/2018/04/backbone_logo-700x577.png 700w, https://duodeka.nl/app/uploads/2018/04/backbone_logo-250x206.png 250w, https://duodeka.nl/app/uploads/2018/04/backbone_logo-768x633.png 768w, https://duodeka.nl/app/uploads/2018/04/backbone_logo-120x99.png 120w, https://duodeka.nl/app/uploads/2018/04/backbone_logo.png 807w\" sizes=\"(max-width: 700px) 100vw, 700px\" /></p>\r\n<h3>Ontmoeting op banenmarkt</h3>\r\n<p>Via een banenmarkt van het UWV in het Willem II stadion te Tilburg kwam Guido in contact met Backbone Works. Het <strong>enthousiasme</strong> van de aanwezige Backboners aan de stand sprak Guido meteen aan, waardoor het eerste gevoel van Guido gelijk goed was. Guido heeft altijd interesse gehad in programmeren. Het doorlopen van de Backbone opleiding heeft zijn hobbymatige kennis omgezet in professionele kennis.</p>\r\n<p><img class=\"size-large wp-image-2370 aligncenter\" src=\"https:duodeka.test/app/uploads/2018/06/backbone-700x467.jpg\" alt=\"Omscholen tot IT\'er\" /></p>\r\n<h3>Meer dan alleen leren programmeren</h3>\r\n<p>Backbone Works focust zich op het opleiden van programmeurs die <strong>meer</strong> kunnen dan alleen programmeren. Dat is ontzettend belangrijk, onderkent Guido: ‘<em>Het aanbod van IT’ers matcht momenteel niet met de vraag die er is. Bedrijven vragen veel meer dan dat de huidige generatie IT’ers kan</em>’. Backbone wil haar studenten deze vaardigheden, die voornamelijk betrekking hebben op het business aspect, meegeven. Het programma van de Backbone opleiding is Guido goed bevallen. De opleiding faciliteert haar studenten de mogelijkheid om mee te werken aan echte <strong>praktijkcases</strong> van moederbedrijf DUODEKA. ‘<em>Daar heb ik heel veel van geleerd</em>’, geeft Guido aan. Bovendien waardeert Guido het ook dat er aandachtig wordt geluisterd naar de feedback die de student geeft. Hetgeen voor hem resulteerde in een aanpassing van het opleidingsprogramma.</p>\r\n<p>Wanneer we Guido vragen waarom men voor Backbone Works moet kiezen, antwoordt hij overtuigd: ‘<em>De energie en het enthousiasme van de mensen in combinatie met alles wat je gaat leren, heeft voor mij maanden geleden de doorslag gegeven om voor Backbone te kiezen. Naderhand kan ik zeggen dat ook de <strong>compleetheid</strong> van het opleidingsprogramma doorslaggevend is om voor Backbone te kiezen</em>’.</p>\r\n<p><img class=\"aligncenter wp-image-2866 size-full\" src=\"https:duodeka.test/app/uploads/2018/09/2018-07-03.png\" alt=\"Omscholen tot IT\'er\" width=\"540\" height=\"405\" srcset=\"https://duodeka.nl/app/uploads/2018/09/2018-07-03.png 540w, https://duodeka.nl/app/uploads/2018/09/2018-07-03-250x188.png 250w, https://duodeka.nl/app/uploads/2018/09/2018-07-03-120x90.png 120w\" sizes=\"(max-width: 540px) 100vw, 540px\" /></p>\r\n<h3>Het vinden van een opdrachtgever</h3>\r\n<p>Tijdens zijn sollicitatiegesprekken werd het belang van meer kunnen dan alleen programmeren nogmaals onderstreept. ‘<em>Bedrijven kijken ook verder dan alleen het programmeren, ze willen weten waar ze jouw skills nog meer kunnen inzetten</em>’, aldus Guido. Het belang van de focus binnen de opleiding, studenten meer leren dan alleen programmeren, wordt dus ook door de arbeidsmarkt onderkend.</p>\r\n<p><img class=\"size-large wp-image-2572 aligncenter\" src=\"https:duodeka.test/app/uploads/2018/06/logo-2-700x213.png\" alt=\"DUODEKA software\" srcset=\"https://duodeka.nl/app/uploads/2018/06/logo-2-700x213.png 700w, https://duodeka.nl/app/uploads/2018/06/logo-2-250x76.png 250w, https://duodeka.nl/app/uploads/2018/06/logo-2-768x233.png 768w, https://duodeka.nl/app/uploads/2018/06/logo-2-120x36.png 120w, https://duodeka.nl/app/uploads/2018/06/logo-2.png 1400w\" sizes=\"(max-width: 700px) 100vw, 700px\" /></p>\r\n<h3>Omscholen tot IT&#8217;er</h3>\r\n<p>Wil jij ook een carrière-switch maken naar de IT? De DUODEKA Academy schoolt jou om tot volwaardig IT&#8217;er. Bovendien focust de opleiding zich op het opleiden van programmeurs die meer kunnen dan alleen programmeren. Iets dat jou na het omscholen tot IT&#8217;er zeker gaat helpen op de arbeidsmarkt. Neem voor meer informatie een kijkje op <a href=\"https://backbone.work/\">Backbone Works</a>.</p>', 14, NULL, NULL),
(15, '<p><strong>Geen overzicht in planning en deadlines? Moeite met het gescheiden houden van werk en privé communicatie? Veel tijd kwijt aan handelingen die je graag geautomatiseerd zou zien worden? Als deze problematiek herkenbaar is voor jou, dan hebben wij misschien wel handige oplossingen voor je. Voor ons van <a href=\"https://duodeka.nl\">DUODEKA </a>waren de bovenstaande problemen namelijk herkenbaar. Gelukkig hebben wij door de jaren heen een aantal handige online tools ontdekt om deze problemen op te lossen. Graag delen wij onze favoriete online bedrijfsoplossingen met jullie.</strong></p>\r\n<h1>Online tools</h1>\r\n<p>&nbsp;</p>\r\n<p><img class=\"aligncenter wp-image-2846 size-full\" src=\"https:duodeka.test/app/uploads/2018/09/Wunderlist.png\" alt=\"Wunderlist handige online tool\" width=\"300\" height=\"225\" srcset=\"https://duodeka.nl/app/uploads/2018/09/Wunderlist.png 300w, https://duodeka.nl/app/uploads/2018/09/Wunderlist-250x188.png 250w, https://duodeka.nl/app/uploads/2018/09/Wunderlist-120x90.png 120w\" sizes=\"(max-width: 300px) 100vw, 300px\" /></p>\r\n<h2>Wunderlist &#8211; online tool om je things to do te bewaren</h2>\r\n<p><a href=\"https://www.wunderlist.com/\">Wunderlist</a> helpt jou met het <strong>onthouden</strong> van al je afspraken, taken en deadlines. Je kan gemakkelijk een taak aan je Wunderlist toevoegen. Je kunt ervoor kiezen om hier een herinnering en/of deadline aan te koppelen. De integratie met je mail zorgt ervoor dat Wunderlist je op de gekozen data een <strong>mailtje ter herinnering</strong> zal sturen!</p>\r\n<p>Een andere handige functie van de Wunderlist tool is de mogelijkheid om je lijst met andere te <strong>delen</strong>. Zo kun je jouw collega’s inzicht geven in wat jou bezighoudt de komende dagen, zonder dat ze dit aan je hoeven vragen. Ook kun je taken aan andere toewijzen, uiteraard zorgt Wunderlist ervoor dat zij nog een herinnering ontvangen per mail.</p>\r\n<p>Wunderlist is super simpel, maar is voor ons <strong>onmisbaar</strong> geworden en zeker een van onze favoriete online tools. Bovendien is Wunderlist geheel gratis!</p>\r\n<p><img class=\"aligncenter wp-image-2848 size-large\" src=\"https:duodeka.test/app/uploads/2018/09/slack-700x200.png\" alt=\"Bedrijfsoplossing Slack, handige online tool\" width=\"700\" height=\"200\" srcset=\"https://duodeka.nl/app/uploads/2018/09/slack-700x200.png 700w, https://duodeka.nl/app/uploads/2018/09/slack-250x72.png 250w, https://duodeka.nl/app/uploads/2018/09/slack-768x220.png 768w, https://duodeka.nl/app/uploads/2018/09/slack-120x34.png 120w, https://duodeka.nl/app/uploads/2018/09/slack.png 1100w\" sizes=\"(max-width: 700px) 100vw, 700px\" /></p>\r\n<ul>\r\n<li>\r\n<h2><strong>Slack &#8211; een online platform voor jouw interne bedrijfscommunicatie</strong></h2>\r\n</li>\r\n</ul>\r\n<p><a href=\"https://slack.com/\">Slack</a> is een <strong>super fijne online tool</strong> voor communicatie in bedrijven en projectteams. Als manager of ondernemer maak je via Slack allerlei kanalen aan die allen een specifiek doel dienen. Vervolgens voeg je collega&#8217;s toe in de voor hen relevante kanalen. Zodoende kan je <strong>informatiestromen structureren</strong> en wordt het erg makkelijk om alleen de voor jou belangrijke zaken eruit te pikken. Ook hoef je <strong>geen WhatsApp</strong> groepen meer aan te maken voor je bedrijfscommunicatie, om zo werk &amp; privé goed gescheiden te houden.</p>\r\n<p>Om maar enkele voorbeelden te noemen: zelf delen wij graag interessante content met onze designers (kanaal UX UI) &amp; developers (kanaal DEV TIPS). Maar er zijn ook algemene kanalen, waarin je het hele team kunt aanspreken.</p>\r\n<h4>Door het gebruik van Slack:</h4>\r\n<p>&#8211; bespaar je tijd; zoeken naar informatie gaat sneller<br />\r\n&#8211; blijft je inbox schoner; minder email communicatie met je collega&#8217;s<br />\r\n&#8211; kies je zelf welke topics je actief wilt bijhouden; maar behoud je de mogelijkheid om in te springen op andere topics</p>\r\n<p>Slack wordt bij ons <strong>dagelijks</strong> gebruikt. Het <strong>gratis</strong> plan van Slack biedt bovendien al ontzettend veel mogelijkheden. Zeker de moeite waard om eens te proberen!</p>\r\n<p><img class=\"aligncenter wp-image-2849 size-large\" src=\"https:duodeka.test/app/uploads/2018/09/Hubspot-700x203.png\" alt=\"Handige online tool CRM\" width=\"700\" height=\"203\" srcset=\"https://duodeka.nl/app/uploads/2018/09/Hubspot-700x203.png 700w, https://duodeka.nl/app/uploads/2018/09/Hubspot-250x72.png 250w, https://duodeka.nl/app/uploads/2018/09/Hubspot-768x223.png 768w, https://duodeka.nl/app/uploads/2018/09/Hubspot-120x35.png 120w\" sizes=\"(max-width: 700px) 100vw, 700px\" /></p>\r\n<ul style=\"list-style-type: circle;\">\r\n<li>\r\n<h2><strong>Hubspot &#8211; onze favoriete CRM-tool</strong></h2>\r\n</li>\r\n</ul>\r\n<p>De bedrijfsoplossing <a href=\"https://www.hubspot.com/\">Hubspot</a> is onze absolute favoriet op het gebied van <strong>online CRM-tools</strong>. Het grote pluspunt van Hubspot is dat het veel tijdrovende handelingen <strong>automatiseert</strong>. Zo doorzoekt Hubspot bij het aanmaken van een nieuw contact het internet en haar eigen database om een compleet profiel te creëren.</p>\r\n<p>Verder <strong>integreert</strong> Hubspot met een groot aantal andere systemen en is de <strong>gratis</strong> versie al erg uitgebreid. Een andere leuke feature van Hubspot is de <strong>meeting planner</strong>: aan de hand van je beschikbaarheid (integratie met Google Calendar) kunnen je relaties gemakkelijk en snel online afspraken met je inplannen.</p>\r\n<p><img class=\"aligncenter wp-image-2850 size-full\" src=\"https:duodeka.test/app/uploads/2018/09/Homerun.png\" alt=\"Homerun bedrijfsoplossing, handige online tool\" width=\"503\" height=\"194\" srcset=\"https://duodeka.nl/app/uploads/2018/09/Homerun.png 503w, https://duodeka.nl/app/uploads/2018/09/Homerun-250x96.png 250w, https://duodeka.nl/app/uploads/2018/09/Homerun-120x46.png 120w\" sizes=\"(max-width: 503px) 100vw, 503px\" /></p>\r\n<ul>\r\n<li>\r\n<h2><strong>Homerun &#8211; all in one recruitment systeem</strong></h2>\r\n</li>\r\n</ul>\r\n<p><a href=\"https://www.homerun.co/\">Homerun</a> maakt het <strong>rekruteren</strong> van nieuwe medewerkers een stuk sneller, gemakkelijker en beter. Ten eerste kun je snel een bedrijfsprofiel aanmaken. Hier deel je informatie over jouw bedrijf en kun je mogelijk men een inkijkje bieden binnen jouw bedrijfscultuur. Centraal staan je <strong>vacatures</strong>, die je tegen betaling kunt toevoegen aan je bedrijfsprofiel. Heel fijn is dat je alleen betaalt voor de actieve vacatures.</p>\r\n<p>Opnieuw een gave online tool voor een meer dan <strong>acceptabele prijs</strong>!</p>\r\n<p>&nbsp;</p>\r\n<ul>\r\n<li>\r\n<h2>Notulen Software &#8211; vergaderen als een baas</h2>\r\n</li>\r\n</ul>\r\n<p><a href=\"http://notulensoftware.nl\">Notulen Software</a> laat jou vergaderen als een baas. Jouw gehele vergaderproces wordt gedigitaliseerd in een centrale online omgeving. Het gebruik van Notulen Software maakte voor ons een einde aan een hoop frustraties rondom vergaderingen. Lees op onze website meer over deze super handige <strong><a href=\"https://duodeka.nl/cases/vergadertool-notulen-software/\">vergadertool</a> </strong>of bezoek de website van <strong><a href=\"http://notulensoftware.nl\">Notulen Software</a>. </strong></p>\r\n<p><img class=\"size-large wp-image-2572 aligncenter\" src=\"https:duodeka.test/app/uploads/2018/06/logo-2-700x213.png\" alt=\"DUODEKA software\" srcset=\"https://duodeka.nl/app/uploads/2018/06/logo-2-700x213.png 700w, https://duodeka.nl/app/uploads/2018/06/logo-2-250x76.png 250w, https://duodeka.nl/app/uploads/2018/06/logo-2-768x233.png 768w, https://duodeka.nl/app/uploads/2018/06/logo-2-120x36.png 120w, https://duodeka.nl/app/uploads/2018/06/logo-2.png 1400w\" sizes=\"(max-width: 700px) 100vw, 700px\" /></p>\r\n<h2>DUODEKA, gek op online tools!</h2>\r\n<p>Wij van DUODEKA zijn gek op het ontdekken van handige online tools. Ken jij er een die je graag met ons wilt delen? Stuur ons een <a href=\"https://duodeka.nl/contact/\">mailtje</a>, of kom een langs op een van onze altijd gezellige VrijdagMiddagBorrels. Heb je een probleem waarvoor nog geen oplossing is? Stuur ons dan ook een <a href=\"https://duodeka.nl/contact/\">berichtje</a>, misschien weten wij wel iets voor je!</p>', 15, NULL, NULL),
(16, '<p>Sinds september 2018 is <a href=\"https://duodeka.nl\">DUODEKA </a>officieel <a href=\"https://www.piefontysict.nl/nl/\">Fontys ICT Partner in Education</a>. Wij zullen ICT-studenten, waarbij de focus zal liggen op ICT &amp; Business, verder helpen met hun opleiding. Op de onderstaande foto wordt de samenwerking officieel beklonken door Daan Schoofs (DUODEKA) en Ad Vissers (Fontys ICT).</p>\r\n<p><img class=\"size-full wp-image-2894 aligncenter\" src=\"https:duodeka.test/app/uploads/2018/10/Partner-in-Education-Daan.jpg\" alt=\"Partner in Education Fontys ICT DUODEKA\" srcset=\"https://duodeka.nl/app/uploads/2018/10/Partner-in-Education-Daan.jpg 500w, https://duodeka.nl/app/uploads/2018/10/Partner-in-Education-Daan-250x167.jpg 250w, https://duodeka.nl/app/uploads/2018/10/Partner-in-Education-Daan-120x80.jpg 120w, https://duodeka.nl/app/uploads/2018/10/Partner-in-Education-Daan-272x182.jpg 272w\" sizes=\"(max-width: 500px) 100vw, 500px\" /></p>\r\n<p style=\"text-align: center;\">Foto van: <a href=\"https://www.piefontysict.nl/nl/nieuws/4-nieuwe-convenanten-met-partners-in-education-getekend-in-tilburg/\">Fontys ICT</a></p>\r\n<p>Wij zijn ontzettend trots ons steentje te mogen bijdragen aan de ontwikkeling van de nieuwe generatie ICT&#8217;ers. Gedurende hun opleiding zullen studenten kennismaken met het bedrijfsleven, zodat de stap naar de arbeidsmarkt na het behalen van hun diploma kleiner is. Reeds hebben wij enkele studenten vanuit Fontys ICT mogen ontvangen, waarover wij zeer tevreden zijn.</p>', 16, NULL, NULL),
(17, '<h2>Het Business Model Canvas: uitleg over alles wat jij wil weten</h2>\r\n<p>Wil jij een nieuw bedrijfsmodel creëren? Of een bestaand bedrijfsmodel in kaart brengen? Dan is het <strong>business model canvas</strong> een super handig hulpmiddel om dit te doen. In het traject van digitale transformatie kan het business model canvas ingezet worden in stap 2: <strong>concept validatie &amp; refinement</strong>.</p>\r\n<p><img class=\"alignnone size-large wp-image-3523\" src=\"https://duodeka.nl/app/uploads/2019/05/Digitale-transformatie-2-724x1024.png\" alt=\"Digitale transformatie\" width=\"724\" height=\"1024\" srcset=\"https://duodeka.nl/app/uploads/2019/05/Digitale-transformatie-2-724x1024.png 724w, https://duodeka.nl/app/uploads/2019/05/Digitale-transformatie-2-212x300.png 212w, https://duodeka.nl/app/uploads/2019/05/Digitale-transformatie-2-768x1086.png 768w, https://duodeka.nl/app/uploads/2019/05/Digitale-transformatie-2.png 794w\" sizes=\"(max-width: 724px) 100vw, 724px\" /></p>\r\n<p>De schrijvers van het boek &#8216;Business Model Generation&#8217; hanteren de volgende definitie voor het business model canvas: ‘<em>de grondgedachte van hoe een organisatie waarde creëert, levert en behoudt</em>’ (Osterwalder &amp; Pigneur, 2010). Wij van <a href=\"http://www.duodeka.nl\">DUODEKA</a> zetten het business model canvas vaak in om onze eigen bedrijfsideeën, of bedrijfsideeën van klanten, te verfijnen. Daarom geven wij jou graag uitleg over alles wat jij wilt weten over het business model canvas.</p>\r\n<h3>Wanneer gebruik ik een business model canvas?</h3>\r\n<p>Het canvas is heel handig als jij een <strong>nieuw product of een nieuwe dienst</strong> op de markt wilt brengen én jouw ideeën en gedachtes wilt verfijnen. Echter, bestaande bedrijven kunnen het business canvas ook waardevol inzetten, bijvoorbeeld bij <strong>veranderingen in de markt</strong>. Hier dient jouw bedrijf zich namelijk op aan te passen. Wij raden bedrijven ook aan om op regelmatige basis de markt in kaart te brengen middels het canvas.</p>\r\n<p><img class=\"alignnone size-large wp-image-3616\" src=\"https://duodeka.nl/app/uploads/2019/05/1119px-Business_Model_Canvas-1024x659.png\" alt=\"Business Model Canvas\" width=\"1024\" height=\"659\" srcset=\"https://duodeka.nl/app/uploads/2019/05/1119px-Business_Model_Canvas-1024x659.png 1024w, https://duodeka.nl/app/uploads/2019/05/1119px-Business_Model_Canvas-300x193.png 300w, https://duodeka.nl/app/uploads/2019/05/1119px-Business_Model_Canvas-768x494.png 768w, https://duodeka.nl/app/uploads/2019/05/1119px-Business_Model_Canvas.png 1119w\" sizes=\"(max-width: 1024px) 100vw, 1024px\" /></p>\r\n<p><em>Door Business Model Alchemist &#8211; http://www.businessmodelalchemist.com/tools, CC BY-SA 1.0, https://commons.wikimedia.org/w/index.php?curid=11892574</em></p>\r\n<h3>Aan de slag met het business canvas</h3>\r\n<p>Het business model canvas kan onderverdeeld worden in vier blokken, welke op hun beurt weer onderverdeeld worden in negen subcategorieën. De ‘grote’ vier blokken waar onderscheid gemaakt tussen wordt, zijn: <strong>de interne organisatie</strong>, <strong>de externe organisatie</strong>, <strong>de uitgaande kasstromen</strong> en de <strong>inkomende kasstromen</strong>. De vier overkoepelende categorieën worden onderverdeeld in: strategische partners, kernactiviteiten en mensen &amp; middelen (intern); waardepropositie; klantrelaties, kanalen en klantsegmenten (extern); kostenstructuur en inkomensstromen.</p>\r\n<p>Wanneer je van start gaat met het invullen van het canvas raden wij aan om het uit te printen en op te hangen. Vul het canvas samen met je partners in (maak gebruik van de bekende post-it stickers!), deze manier van brainstormen levert vaak ontzettend <strong>waardevolle inzichten</strong> op.</p>\r\n<p>Heb je het canvas met post-its ingevuld? Dan is het tijd om de kernvragen te gaan beantwoorden, welke allemaal in een wat als vorm worden gesteld.<br />\r\n<em>“Wat als onze concurrent een lagere prijs gaat hanteren?”</em><br />\r\n<em>“Wat als de grootste klant afhaakt?”</em><br />\r\n<em>“Wat als…”</em></p>\r\n<p>Nu gaan we de negen bouwstenen van het canvas kort één voor één doornemen.</p>\r\n<h5>1. Klantsegmenten</h5>\r\n<p>De klantsegmenten zijn een zeer belangrijke bouwsteen van je bedrijfsmodel. Als je een product of dienst gaat lanceren is het van essentieel belang om in kaart te brengen wie je doelgroep is én wat de behoefte is van jouw doelgroep, ofwel: ga de markt segmenteren én leer jouw potentiële klant kennen.</p>\r\n<h5>2. Waardepropositie</h5>\r\n<p>De waardepropositie is misschien wel de allerbelangrijkste bouwsteen van je business model canvas: welke waarde lever jij aan je klanten? Hoe onderscheid jij jezelf van de concurrentie? Waarom moet de klant jouw product of dienst kopen?</p>\r\n<h5>3. Klantrelaties</h5>\r\n<p>Wanneer je klanten over zijn gegaan tot aankoop van jouw product of dienst, is het belangrijk om deze klanten als klant te behouden. Hoe ga je de relatie met jouw klanten onderhouden? Een goede relatie met klanten zorgt voor meer herhalingsaankopen, positieve mond-tot-mond reclame en meer omzet per klant. Kortom, een goede relatie met klanten zorgt voor een hogere omzet.</p>\r\n<h5>4. Kanalen</h5>\r\n<p>Breng in kaart via welke kanalen jij jouw potentiële klanten bereikt gedurende hun klantreis. Hoe ga je jouw doelgroep in aanraking brengen met jouw product? Waar kan jouw doelgroep tot aankoop overgaan? Via welke kanalen zorg je voor retentie? Kanalen kunnen zowel online als offline zijn.</p>\r\n<p><img class=\"size-full wp-image-3618 aligncenter\" src=\"https://duodeka.nl/app/uploads/2019/05/BusinessModel.jpg\" alt=\"Business Model Canvas uitleg\" width=\"500\" height=\"324\" srcset=\"https://duodeka.nl/app/uploads/2019/05/BusinessModel.jpg 500w, https://duodeka.nl/app/uploads/2019/05/BusinessModel-300x194.jpg 300w\" sizes=\"(max-width: 500px) 100vw, 500px\" /></p>\r\n<h5>5. Kernactiviteiten</h5>\r\n<p>Jouw business moet draaiende blijven. In de categorie ‘kernactiviteiten’ som je activiteiten op welke uitgevoerd dienen te worden om jouw business draaiende te houden. Welke activiteiten houden onze waardepropositie in stand? Welke activiteiten moeten we uitvoeren om ons marketing bereik te vergroten?</p>\r\n<h5>6. Mensen en middelen</h5>\r\n<p>Welke mensen en middelen zijn er nodig om je bedrijf draaiende te houden? Voor welke zaken, die niet uitbesteed worden, heb jij zelf mensen en middelen nodig? Bij ‘middelen’ kun je denken aan bijvoorbeeld een laptop (fysiek middel) voor alle medewerkers, maar ook aan een patent (intellectueel middel). Onder de categorie ‘mensen’ vallen je personeelsleden, bijvoorbeeld een verkoop- en administratiefmedewerker.</p>\r\n<h5>7. Strategische partners</h5>\r\n<p>Soms kun je niet alles alleen, zeker wanneer je een startende ondernemer bent. Je strategische partners zijn mensen en/of partijen die je nodig hebt om jouw bedrijf draaiende te houden. Het bundelen van kennis en specialismen kan zeer belangrijk zijn in het voorblijven van je concurrentie.</p>\r\n<h5>8. Kostenstructuur</h5>\r\n<p>Het uiteindelijke doel van jouw bedrijf is winst maken. Om te kunnen meten of je winst maakt, is het van belang om je bedrijfskosten goed in kaart te brengen. Welke kosten zijn er nodig om jouw bedrijf te laten functioneren?</p>\r\n<h5>9. Inkomende kasstromen</h5>\r\n<p>Als je weet wat je kosten zijn, moet je natuurlijk ook weten wat er binnenkomt. Je inkomende kasstromen, oftewel je verdienmodel, is het antwoord op de vraag: hoe gaan we omzet genereren? Betalen mensen eenmalig voor jouw product of dienst? Of sluiten ze een abonnement af? Bepaal ook hoeveel omzet je dient te maken om de beoogde winst te behalen. Ook het bepalen van de omzet waarbij je break-even speelt is belangrijk.</p>\r\n<p>&nbsp;</p>\r\n<p>Het Business Model Canvas wordt vaak gebruikt in combinatie met de <strong><a href=\"https://duodeka.nl/lean-startup-methode/\">Lean Startup Methode</a>, </strong>ook hierover kun je op onze website vanalles lezen. <a href=\"http://www.duodeka.nl\">Hulp bij het opzetten van je eigen business? Neem dan gerust contact met ons op</a>.</p>\r\n<p>Wij hopen jou met dit blog overtuigd te hebben van het belang van het business model canvas. <strong>Ben jij geïnteresseerd in digitale transformatie</strong>? Abonneer je dan op onze maandelijkse nieuwsbrief. Dan ontvang jij gave cases studies, tips &amp; tricks en andere content voor echte digital transformers.</p>', 17, NULL, NULL),
(18, '<h2>Online verdienmodellen: welke kies jij?</h2>\r\n<p>Jij hebt een idee voor een online verdienmodel: beginnen met online ondernemen door een digitaal product of dienst op de markt brengen of jouw huidige business digitaal transformeren. Voor de ontwikkeling van online verdienmodellen hebben wij van <a href=\"http://www.duodeka.nl\">DUODEKA</a> het <strong>digitale transformatie model</strong> ontwikkeld.</p>\r\n<p><img class=\"alignnone size-large wp-image-3523\" src=\"https://duodeka.nl/app/uploads/2019/05/Digitale-transformatie-2-724x1024.png\" alt=\"Digitale transformatie\" width=\"724\" height=\"1024\" srcset=\"https://duodeka.nl/app/uploads/2019/05/Digitale-transformatie-2-724x1024.png 724w, https://duodeka.nl/app/uploads/2019/05/Digitale-transformatie-2-212x300.png 212w, https://duodeka.nl/app/uploads/2019/05/Digitale-transformatie-2-768x1086.png 768w, https://duodeka.nl/app/uploads/2019/05/Digitale-transformatie-2.png 794w\" sizes=\"(max-width: 724px) 100vw, 724px\" /></p>\r\n<p>Er bestaan verschillende online verdienmodellen om jouw business digitaal te laten slagen. Er kan onderscheid worden gemaakt tussen de volgende online verdienmodellen: The Brokerage Model, The Utility Model, The Advertising Model, Infomediary, The Merchant Model, The Manufacturer Model, The Community Model, The Subscription Model en The Affiliate Model. Wij zullen de bovenstaande online verdienmodellen uitleggen aan jullie, laat je inspireren!</p>\r\n<h4>The Brokerage Model</h4>\r\n<p>Wil jij een digitaal platform of een digitale markt ontwikkelen om bedrijven en consumenten daar hun producten te laten aanbieden? Dan werk jij volgens The Brokerage Model. Een verdienmodel volgens dit model kan zowel <em>business to business</em>, <em>business to consumer</em> als <em>consumer to consumer</em> zijn. Het verdienmodel van een dergelijk bedrijfsmodel is doorgaans dat het platform / de digitale markt een <strong>commissie</strong> vraagt per transactie. Bekende voorbeelden van online verdienmodellen volgens dit model zijn booking.com, Ebay en PayPal.</p>\r\n<h4>The Utility Model</h4>\r\n<p>Het volgende verdienmodel dat we uitlichten is The Utility Model. Dit model is gebaseerd op het <strong>meten van gebruik</strong>, ofwel een ‘<em>pay as you go</em>’ benadering. Een alom bekend voorbeeld van dit model is bijvoorbeeld stroom- en waterverbruik. Online verdienmodellen volgens The Utility zijn Google Drive en Skype. Bij Google Drive betaal je meer naarmate je meer opslagruimte nodig hebt. Skype laat gebruikers meer betalen naarmate ze langer bellen.</p>\r\n<h4>The Advertising Model</h4>\r\n<p>Bij het Advertising Model biedt een website content en/of services aan in combinatie met <strong>advertenties</strong> (bijvoorbeeld banners of gesponsorde content). Dit model kan zeer rendabel zijn als je website veel verkeer genereert. Dit maakt het voor bedrijven interessant om op jouw website te adverteren, zeker als jullie vergelijkbare doelgroepen hebben. Dus heb jij een website met een hoop verkeer? Dan is The Advertising Model een verdienmodel dat zeker rendabel kan worden voor jou! Bekende voorbeelden zijn er eindeloos, bijvoorbeeld Google en The New York Times.</p>\r\n<p><img class=\"alignnone size-full wp-image-3589\" src=\"https://duodeka.nl/app/uploads/2019/05/online-ondernemer.jpg\" alt=\"\" width=\"724\" height=\"483\" srcset=\"https://duodeka.nl/app/uploads/2019/05/online-ondernemer.jpg 724w, https://duodeka.nl/app/uploads/2019/05/online-ondernemer-300x200.jpg 300w, https://duodeka.nl/app/uploads/2019/05/online-ondernemer-272x182.jpg 272w\" sizes=\"(max-width: 724px) 100vw, 724px\" /></p>\r\n<h4>Infomediary</h4>\r\n<p>Een infomediary verzamelt, analyseert en verkoopt <strong>data</strong> over consumenten of een markt aan andere partijen. Deze partijen hebben vaak het doel hun doelgroep of markt beter te leren kennen. Een voorbeeld van een Infomediary is Nielsen. Dat bedrijf meet online kijkpubliek. Wanneer jij passie hebt voor data verzamelen en analyseren, dan is een Infomediary een aantrekkelijk verdienmodel voor jou.</p>\r\n<h4>The Merchant Model</h4>\r\n<p>The Merchant Model is wellicht het bekendste voorbeeld van een online verdienmodel: <strong>e-commerce</strong>. Een groothandel of retailer verkoopt hierbij zijn of haar producten digitaal. De prijzen kunnen gebaseerd zijn op vastgestelde bedragen of op biedingen. Op de Nederlandse markt is Zalando een zeer bekend voorbeeld van een bedrijf dat The Merchant Model hanteert.</p>\r\n<h4>The Manufacturer Model</h4>\r\n<p>Verkoop jij je producten al aan consumenten, en doe je dit vaak via tussenpersonen of bedrijven? Dan biedt The Manufacturer Model jou een mogelijkheid om deze stappen uit jouw business model te halen. Via het internet kun jij namelijk <strong>rechtstreeks</strong> aan jouw doelgroep jouw producten verkopen. Een voorbeeld is laptopfabrikant Lenovo. Het bedrijf verkocht voorheen hun laptops alleen via andere winkels of warenhuizen. Door de opkomst van het internet kan Lenovo hun laptops zelf rechtstreeks aan de consument verkopen zonder hier een fysieke winkel voor nodig te hebben.</p>\r\n<h4>The Community Model</h4>\r\n<p>Verkoop jij een product of lever jij een dienst, én heb jij veel klanten die zichzelf zien als echte fans van jouw merk? Klanten die keer op keer terugkeren bij jouw bedrijf? Dan biedt The Community Model kansen voor jou. Dit verdienmodel is namelijk gebaseerd op <strong>consumentenloyaliteit</strong>. Het creëren van een community kan zorgen voor meer herhalingsaankopen of zelfs klanten die voor jou gaan werken (Apple heeft een klantenservice die volledig draait op Apple-fans en dit vrijwillig doen!). Het creëren van een sterke digitale merkcommunity kan zorgen voor nog meer herhalingsaankopen en gratis reclame voor jouw bedrijf.</p>\r\n<p><img class=\"alignnone size-full wp-image-3606\" src=\"https://duodeka.nl/app/uploads/2019/05/Opstarten-online-business.jpg\" alt=\"\" width=\"600\" height=\"427\" srcset=\"https://duodeka.nl/app/uploads/2019/05/Opstarten-online-business.jpg 600w, https://duodeka.nl/app/uploads/2019/05/Opstarten-online-business-300x214.jpg 300w\" sizes=\"(max-width: 600px) 100vw, 600px\" /></p>\r\n<h4>The Subscription Model</h4>\r\n<p>Het volgende online verdienmodel dat we uitlichten is The Subscription Model, hierbij worden afnemers <strong>periodiek</strong> <strong>kosten</strong> in rekening gebracht in ruil voor een product of dienst. Dit kan bijvoorbeeld dagelijks, wekelijks of maandelijks zijn. Een goed voorbeeld van een online verdienmodel in Nederland volgens het Subscription Model is On That Ass. Consumenten kunnen zich online abonneren, en krijgen vervolgens maandelijks een onderbroek thuis geleverd. Zoals bij veel businesses volgens The Subscription Model, krijgen participanten eerst een proefversie thuisgestuurd. Naast een proefversie is ook een <em>freemium</em> versie of een proefperiode veel gebruikt binnen dit verdienmodel. Wereldwijd bekende voorbeelden hiervan zijn Netflix en Spotify.</p>\r\n<h4>The Affiliate Model</h4>\r\n<p>Het laatste verdienmodel uit de reeks online verdienmodellen is The Affiliate Model. Bij dit model biedt de aanbieder van een product en/of dienst resellers een bepaald <strong>percentage</strong> van de behaalde <strong>omzet</strong> in ruil voor het verkopen van zijn of haar product. Verkoop jij een product of dienst, dan is dit model zeker het overwegen waard om toe te passen. Het bedrijf Awin is gespecialiseerd in andere bedrijven helpen met het opzetten van een affiliate marketing netwerk.</p>\r\n<p>Het idee van jouw online verdienmodel uitwerken naar een daadwerkelijk product? Het <strong><a href=\"https://duodeka.nl/business-model-canvas/\">Business Model Canvas</a> </strong>en de <strong><a href=\"https://duodeka.nl/lean-startup-methode/\">Lean Startup Methode</a></strong> zijn zeer fijne hulpmiddelen om jouw business van de grond te krijgen en te blijven innoveren.</p>\r\n<p><a href=\"http://www.duodeka.nl\">Wil jij jouw business digitaal transformeren? Neem dan gerust contact met ons op!</a></p>', 18, NULL, NULL),
(19, '<p><a href=\"https://redpandavr.nl/\">RedPanda</a> heeft <a href=\"http://www.duodeka.nl\">DUODEKA</a> benaderd voor de ontwikkeling van Photo Booth software. Er was behoefte aan een interface voor een nieuwe 360-graden photobooth. De photobooth zal worden ingezet op evenementen. Bezoekers kunnen plaatsnemen voor een greenscreen en gave 360-graden foto’s maken met een achtergrond naar keuze. Het proces van het maken en mailen van foto’s is geautomatiseerd, er is een online platform ontwikkeld en het proces is geoptimaliseerd wat betreft gebruiksvriendelijkheid.</p>\r\n<p><img class=\"alignnone size-large wp-image-3153\" src=\"https://duodeka.nl/app/uploads/2018/11/red-panda-vr-dashboard-1024x485.png\" alt=\"\" width=\"1024\" height=\"485\" srcset=\"https://duodeka.nl/app/uploads/2018/11/red-panda-vr-dashboard-1024x485.png 1024w, https://duodeka.nl/app/uploads/2018/11/red-panda-vr-dashboard-300x142.png 300w, https://duodeka.nl/app/uploads/2018/11/red-panda-vr-dashboard-768x364.png 768w, https://duodeka.nl/app/uploads/2018/11/red-panda-vr-dashboard-1080x512.png 1080w\" sizes=\"(max-width: 1024px) 100vw, 1024px\" /></p>\r\n<h3>Breda en Tilburg vinden elkaar</h3>\r\n<p>RedPanda is een startup die is gespecialiseerd in het ontwikkelen van innovatieve Virtual Reality, Augmented Reality en online video concepten. De experts van RedPanda helpen jou om van jouw project een succes te maken. Voor de ontwikkeling van een interface voor een nieuwe 360-graden photobooth zocht RedPanda een strategische IT partner die snel kan ontwikkelen en goed kan meedenken om gedurende het proces het product te optimaliseren. DUODEKA is op bezoek gegaan bij RedPanda in Breda. Uit een brainstorm bleek dat de grootste behoeftes lagen bij het automatiseren van het maken en mailen van foto’s gedurende een evenement én het ontwikkelen van een klantvriendelijke interface.</p>\r\n<p><img class=\"alignnone size-full wp-image-3156\" src=\"https://duodeka.nl/app/uploads/2018/11/redpanda-virtual-reality.jpg\" alt=\"\" width=\"700\" height=\"466\" srcset=\"https://duodeka.nl/app/uploads/2018/11/redpanda-virtual-reality.jpg 700w, https://duodeka.nl/app/uploads/2018/11/redpanda-virtual-reality-300x200.jpg 300w, https://duodeka.nl/app/uploads/2018/11/redpanda-virtual-reality-272x182.jpg 272w\" sizes=\"(max-width: 700px) 100vw, 700px\" /></p>\r\n<h3>Ontwikkeling Online Platform</h3>\r\n<p>De ontwikkelde interface werkt samen met de 360-graden camera die in de photobooth staat. Met één druk op de knop maakt de camera een foto waar automatisch verschillende achtergronden op worden toegepast. Op een groot touchscreen kunnen de bezoekers de foto’s in 360 graden bekijken door te swipen en zoomen. De leukste foto’s kunnen worden uitgekozen en worden vervolgens gemaild naar de bezoeker. De Photo Booth Software helpt RedPanda evenementen nog een prachtige extra te geven.</p>\r\n<h3>De toekomst</h3>\r\n<p>Het platform kan op dit moment bestempeld worden als eerste versie. De komende tijd staan er een aantal evenementen op de planning waar de Photo Booth software uitvoerig getest zal worden. Vanaf daar gaan we aan de hand van de wensen van RedPanda de Photo Booth software optimaliseren.</p>\r\n<p>&nbsp;</p>\r\n<h3>Resultaten voor RedPanda met de ontwikkeling van de Photo Booth software:</h3>\r\n<ul>\r\n<li>Online platform om evenementen te plannen</li>\r\n<li>Klantvriendelijke interface voor bezoekers om foto’s te bekijken en door te mailen</li>\r\n<li>Robuust fundament om het product door te ontwikkelen</li>\r\n</ul>', 19, NULL, NULL),
(20, '<p>Jaarlijks vinden de <a href=\"https://ebtilburg.nl/\">Economic Business weeks Tilburg</a> plaats op de campus van <a href=\"https://www.tilburguniversity.edu/\">Tilburg University</a>. Om alles in goede banen te leiden, was de organisatie op zoek naar een partij die een <strong>roosterapplicatie</strong> kon ontwikkelen. De applicatie diende te functioneren als <strong>roostersysteem</strong>, waarin zowel de wensen van de studenten als de bedrijven verwerkt worden. De huidige applicatie voldeed niet meer aan de wensen van EBT en ontwikkelde zich niet snel genoeg. EBT kwam terecht bij DUODEKA. Wij hebben een gloednieuwe roosterapplicatie ontwikkeld die voldoet aan alle wensen van de organisatoren en bovendien de komende jaren volop doorontwikkeld kan worden.</p>\r\n<p><img class=\"size-full wp-image-3190 aligncenter\" src=\"https://duodeka.nl/app/uploads/2018/06/ebt.png\" alt=\"roosterapplicatie ebt\" width=\"450\" height=\"450\" srcset=\"https://duodeka.nl/app/uploads/2018/06/ebt.png 450w, https://duodeka.nl/app/uploads/2018/06/ebt-150x150.png 150w, https://duodeka.nl/app/uploads/2018/06/ebt-300x300.png 300w\" sizes=\"(max-width: 450px) 100vw, 450px\" /></p>\r\n<h3>Zoektocht naar snelheid en ontwikkeling</h3>\r\n<p>Jaarlijks organiseert het bestuur van de EBT in samenwerking met Asset en Tilburg University de Economic Business weeks Tilburg. Tijdens het evenement kunnen studenten zich oriënteren op de arbeidsmarkt. Vele presentaties, workshops en trainingen worden gedurende twee weken gegeven door meer dan tachtig verschillende bedrijven. Onder andere ABN AMRO, Albert Heijn, KLM en Shell waren aanwezig tijdens de afgelopen EBT. Om de Economic Business weeks Tilburg naar ieders wens te laten verlopen, had de organisatie een applicatie nodig die als roostersysteem gebruikt kan worden door de studenten, de aanwezige bedrijven en de organisatie. DUODEKA heeft voor de EBT een applicatie ontwikkeld waarvan de studenten, bedrijven en de organisatie gebruik maken.</p>\r\n<p><img class=\"alignnone size-large wp-image-3135\" src=\"https://duodeka.nl/app/uploads/2018/06/ebt-example-company-1024x1024.png\" alt=\"\" width=\"1024\" height=\"1024\" srcset=\"https://duodeka.nl/app/uploads/2018/06/ebt-example-company-1024x1024.png 1024w, https://duodeka.nl/app/uploads/2018/06/ebt-example-company-150x150.png 150w, https://duodeka.nl/app/uploads/2018/06/ebt-example-company-300x300.png 300w, https://duodeka.nl/app/uploads/2018/06/ebt-example-company-768x768.png 768w, https://duodeka.nl/app/uploads/2018/06/ebt-example-company-1080x1080.png 1080w, https://duodeka.nl/app/uploads/2018/06/ebt-example-company.png 1326w\" sizes=\"(max-width: 1024px) 100vw, 1024px\" /></p>\r\n<h3>Automatiseren workflow</h3>\r\n<p>Bij de ontwikkeling van het systeem is vooral gelet op de functionaliteit die het belangrijkst is voor het roostersysteem: het inschrijven en het maken van het rooster. Studenten moesten zich via de applicatie gemakkelijk kunnen aanmelden en zich kunnen inschrijven voor de evenementen die plaatsvinden tijdens de EBT. De applicatie automatiseert de workflow zo veel mogelijk voor de studenten, bedrijven en het bestuur van de EBT. De automatisering zorgt voor veel tijdsbesparing en voorkomt fouten in het proces. Ook heeft DUODEKA de website voor de Economic Business weeks ontwikkeld. De kracht van de website zit hem in het feit dat hij hetzelfde oogt als de applicatie, ondanks dat het twee losse systemen zijn. Zo hoeven gebruikers van de applicatie niet te wennen aan de website, en andersom.</p>\r\n<h4>Automatisering carrière evenement<br />\r\nDe applicatie is de spil in de<br />\r\norganisatie van de EBT</h4>\r\n<ul>\r\n<li>Studenten kunnen zich inschrijven voor activiteiten</li>\r\n<li>Bedrijven kunnen studenten selecteren</li>\r\n<li>Roosters worden gegenereerd</li>\r\n</ul>\r\n<p>&nbsp;</p>\r\n<p><img class=\"alignnone size-full wp-image-3136\" src=\"https://duodeka.nl/app/uploads/2018/06/ebt-screenshot.png\" alt=\"\" width=\"864\" height=\"864\" srcset=\"https://duodeka.nl/app/uploads/2018/06/ebt-screenshot.png 864w, https://duodeka.nl/app/uploads/2018/06/ebt-screenshot-150x150.png 150w, https://duodeka.nl/app/uploads/2018/06/ebt-screenshot-300x300.png 300w, https://duodeka.nl/app/uploads/2018/06/ebt-screenshot-768x768.png 768w\" sizes=\"(max-width: 864px) 100vw, 864px\" /></p>\r\n<blockquote>\r\n<p style=\"text-align: center;\">‘DUODEKA kon EBT wel de snelheid en ontwikkeling bieden waar het naar op zoek was. Dit komt mede door het goede begrip van DUODEKA van de workflow en de processen van EBT.’<br />\r\nRik van de Looi, DUODEKA</p>\r\n</blockquote>\r\n<h3>Samen doorontwikkelen</h3>\r\n<p>De gloednieuwe applicatie voldoet aan alle wensen van de organisatoren, maar biedt tevens de mogelijkheid deze nog volop door te ontwikkelen de komende jaren. De Economic Business weeks zijn een jaarlijks terugkerend evenement op de campus van de Universiteit van Tilburg. In aanloop naar de volgende Economic Business weeks zullen wij de organisatie blijven bijstaan met het vertalen van hun wensen naar de roosterapplicatie.</p>\r\n<h3>De resultaten voor EBT met de komst van de applicatie zijn:</h3>\r\n<ul>\r\n<li>Een applicatie die voldoet aan alle wensen</li>\r\n<li>Geautomatiseerde workflow</li>\r\n<li>Tijdsbesparing en minder fouten</li>\r\n<li>Bijpassende nieuwe website</li>\r\n<li>Mogelijkheid tot doorontwikkeling</li>\r\n</ul>', 20, NULL, NULL);
INSERT INTO `article` (`id`, `article_body`, `creative_work_id`, `created_at`, `updated_at`) VALUES
(21, '<p>Het internet staat vol met verschillende definities van startups. Het enige waar ze het allemaal over eens lijken te zijn, is dat een startup een startende onderneming is. Een overig kenmerk van startups is dat ze innovatief zijn. Een bijzondere startup is de <strong>Lean Startup</strong>. Een kenmerk van dit type startup is dat er eerst een prototype (<a href=\"https://duodeka.nl/minimum-viable-product/\"><strong>MVP</strong></a>) ontwikkeld wordt om de behoefte te toetsen. Meer weten over lean startups? In deze blog lees je alles over de Lean Startup Methode.</p>\r\n<blockquote>\r\n<p style=\"text-align: center;\"><em>“The only way to win is to learn faster than anyone else.” ~ Eric Ries</em></p>\r\n</blockquote>\r\n<h2><strong>Het verschil tussen een gewone startup en de lean startup</strong></h2>\r\n<p>Eric Ries is de grondlegger van de Lean Startup methode. Het kernconcept van de Lean Startup methode is <strong>testen</strong>. Startups die werken volgens de Lean methode gaan de markt op voordat hun daadwerkelijke product af is, dit doen ze met een zogeheten <strong><a href=\"https://duodeka.nl/minimum-viable-product/\">Minimum Viable Product</a>: </strong><em>een product met net genoeg kenmerken om waarde toe te voegen voor vroeg aansluitende klanten</em>¹<span style=\"font-size: 1rem;\">. Hiermee kan feedback vergaard worden bij de beoogde potentiële klant.</span><span style=\"font-size: 1rem;\"> Middels deze feedback kan getoetst worden of het idee achter de startup doorontwikkeld moet worden, of dat er vanuit de markt te weinig behoefte is (meten is weten).</span></p>\r\n<p><img class=\"size-full wp-image-3680 aligncenter\" src=\"https://duodeka.nl/app/uploads/2019/07/ondernemen_duodeka.png\" alt=\"\" width=\"720\" height=\"405\" srcset=\"https://duodeka.nl/app/uploads/2019/07/ondernemen_duodeka.png 720w, https://duodeka.nl/app/uploads/2019/07/ondernemen_duodeka-300x169.png 300w\" sizes=\"(max-width: 720px) 100vw, 720px\" /></p>\r\n<blockquote>\r\n<p style=\"text-align: center;\"><em>“As you consider building your own minimum viable product, let this simple rule suffice: remove any feature, process, or effort that does not contribute directly to the learning you seek” ~ Eric Ries</em></p>\r\n</blockquote>\r\n<p>Ook kan het idee op deze manier nog bijgeschaafd worden voordat er een uiteindelijk product op de markt wordt gebracht. Mogelijk blijkt het MVP al marktklaar te zijn, maar de kans is groot dat de feedback veel waardevolle inzichten oplevert met verbeterpunten. Kortom, de Lean Startup onderscheidt zich van een gewone startup doordat je eerst de markt op gaat met een prototype en dit blijft<strong> testen, testen en testen</strong>.</p>\r\n<p style=\"text-align: center;\">Bouw → Meet → Leer</p>\r\n<p><img class=\"size-full wp-image-3677 aligncenter\" src=\"https://duodeka.nl/app/uploads/2019/07/Lean-Startup-BMC.jpg\" alt=\"Lean Startup Methode in combinatie met het business model canvas\" width=\"800\" height=\"533\" srcset=\"https://duodeka.nl/app/uploads/2019/07/Lean-Startup-BMC.jpg 800w, https://duodeka.nl/app/uploads/2019/07/Lean-Startup-BMC-300x200.jpg 300w, https://duodeka.nl/app/uploads/2019/07/Lean-Startup-BMC-768x512.jpg 768w, https://duodeka.nl/app/uploads/2019/07/Lean-Startup-BMC-272x182.jpg 272w\" sizes=\"(max-width: 800px) 100vw, 800px\" /></p>\r\n<h2><strong>Case Study</strong></h2>\r\n<p><strong><a href=\"http://www.duodeka.nl\">DUODEKA</a> </strong>heeft samen met <strong><a href=\"https://gg4u.nl/\">GG4U</a> </strong>volgens de Lean Startup Methode het concept van een online gaming platform gevalideerd. Met een <strong>riskiest assumption test</strong> heeft DUODEKA  getoetst of er een markt is voor een dergelijk online gaming platform. Uit de test is gebleken dat het concept veel potentie heeft. Daarom is er besloten het mogelijk te maken voor geïnteresseerde gamers om zich nu op de website aan te melden. Geheel in lijn met de riskiest assumption test is het aantal aanmeldingen in de eerste weken overweldigend geweest.</p>\r\n<p>Lees meer over de<strong><a href=\"https://duodeka.nl/concept-validatie-platform/\"> riskiest assumption test die DUODEKA met GG4U heeft uitgevoerd</a></strong>.</p>\r\n<h2><strong>De combinatie met het Business Model Canvas</strong></h2>\r\n<p>Startende ondernemers gebruiken de Lean Canvas methode vaak in combinatie met het Business Model Canvas. <span style=\"color: #00ffff;\"><a style=\"color: #00ffff;\" href=\"https://duodeka.nl/business-model-canvas/\">Meer weten over het Business Model Canvas? Lees ons blog over het BMC!</a></span></p>\r\n<h3><strong>Het boek van Eric Ries</strong></h3>\r\n<p>Eric Ries heeft een boek geschreven over hoe de Lean Startup Methode tot een succesvolle business leidt door voortdurend te blijven innoveren. <span style=\"color: #00ffff;\"><a style=\"color: #00ffff;\" href=\"https://www.bol.com/nl/f/de-lean-startup/9200000017140097/\">Geïnteresseerd in het boek van Eric Ries? Je kunt het gewoon kopen bij Bol.com.</a></span></p>\r\n<p>Meer weten over onze visie op de Lean Startup Methode? <a href=\"https://duodeka.typeform.com/to/zmy1YE\">Neem gerust contact met ons op!</a></p>\r\n<p>Bronnen:</p>\r\n<ol>\r\n<li><a href=\"https://www.techopedia.com/definition/27809/minimum-viable-product-mvp\">https://www.techopedia.com/definition/27809/minimum-viable-product-mvp</a></li>\r\n</ol>', 21, NULL, NULL),
(22, '<p><strong><a href=\"http://www.duodeka.nl\">DUODEKA</a> </strong>heeft samen met <strong><a href=\"https://gg4u.nl/\">GG4U</a> </strong>volgens de <strong><a href=\"http://www.duodeka.nl/lean-startup-methode\">Lean Startup Methode</a></strong> het concept van een online gaming platform gevalideerd. Met een <strong>riskiest assumption test</strong> heeft DUODEKA  getoetst of er een markt is voor een dergelijk online gaming platform. Uit de test is gebleken dat het concept veel potentie heeft. Daarom is er besloten het mogelijk te maken voor geïnteresseerde gamers om zich nu op de website aan te melden. Geheel in lijn met de riskiest assumption test is het aantal aanmeldingen in de eerste weken overweldigend geweest.</p>\r\n<p><img class=\"size-full wp-image-3699 aligncenter\" src=\"https://duodeka.nl/app/uploads/2019/08/create-match.png\" alt=\"\" width=\"375\" height=\"667\" srcset=\"https://duodeka.nl/app/uploads/2019/08/create-match.png 375w, https://duodeka.nl/app/uploads/2019/08/create-match-169x300.png 169w\" sizes=\"(max-width: 375px) 100vw, 375px\" /></p>\r\n<p>Heb jij hulp nodig met het toepassen van een riskiest assumption test? Neem dan contact op met DUODEKA!</p>', 22, NULL, NULL);

--
-- Dumping data for table `blog_posting`
--

INSERT INTO `blog_posting` (`id`, `article_id`, `created_at`, `updated_at`) VALUES
(2, 1, NULL, NULL),
(3, 2, NULL, NULL),
(4, 3, NULL, NULL),
(5, 4, NULL, NULL),
(6, 5, NULL, NULL),
(7, 6, NULL, NULL),
(8, 7, NULL, NULL),
(9, 8, NULL, NULL),
(10, 9, NULL, NULL),
(11, 10, NULL, NULL),
(12, 11, NULL, NULL),
(13, 12, NULL, NULL),
(14, 13, NULL, NULL),
(15, 14, NULL, NULL),
(16, 15, NULL, NULL),
(17, 16, NULL, NULL),
(18, 17, NULL, NULL),
(19, 18, NULL, NULL),
(20, 19, NULL, NULL),
(21, 20, NULL, NULL),
(22, 21, NULL, NULL),
(23, 22, NULL, NULL);

--
-- Dumping data for table `creative_work`
--

INSERT INTO `creative_work` (`id`, `author_id`, `publisher_id`, `date_modified`, `date_published`, `headline`, `thing_id`, `created_at`, `updated_at`) VALUES
(1, 4, 1, '2019-11-12 15:29:42', '2019-11-12 13:15:14', 'Hackathon Tilburg groot succes', 17, NULL, NULL),
(2, 1, 1, '2019-05-24 14:28:25', '2016-10-12 12:12:56', 'DUODEKA partner van MeteorJS', 18, NULL, NULL),
(3, 1, 1, '2019-10-18 14:14:08', '2017-01-21 13:56:00', 'Maak kennis met Joey', 19, NULL, NULL),
(4, 1, 1, '2019-06-11 11:40:02', '2017-07-06 12:52:01', 'Ontvlechten met microservice-architectuur', 20, NULL, NULL),
(5, 3, 1, '2019-10-18 14:08:52', '2017-07-20 14:20:26', 'Faces online interview met Daan Schoofs', 21, NULL, NULL),
(6, 3, 1, '2019-10-18 14:10:37', '2018-03-19 12:18:21', 'Online urenregistratie & planning voor jouw bedrijf', 22, NULL, NULL),
(7, 3, 1, '2019-10-18 14:08:05', '2018-03-20 15:52:42', 'Kennismaken met David', 23, NULL, NULL),
(8, 3, 1, '2019-10-02 14:40:53', '2019-10-02 14:35:01', 'Minimum Viable Product', 24, NULL, NULL),
(9, 3, 1, '2019-05-24 14:16:21', '2018-04-03 12:48:49', 'Software kwaliteitscontrole', 25, NULL, NULL),
(10, 3, 1, '2019-05-24 14:16:15', '2018-06-01 12:45:45', 'Verlies van tijd en geld door IT problemen', 26, NULL, NULL),
(11, 3, 1, '2019-09-27 08:58:52', '2019-09-26 09:07:42', 'Case – Personal Protein Webshop', 27, NULL, NULL),
(12, 3, 1, '2019-06-13 11:46:19', '2018-06-20 09:49:19', 'Standaard of maatwerk software?', 28, NULL, NULL),
(13, 3, 1, '2019-09-27 08:58:06', '2018-07-24 19:57:44', 'Onze redenen om te stoppen met Excel', 29, NULL, NULL),
(14, 3, 1, '2019-05-28 06:19:27', '2018-09-21 12:07:30', 'DUODEKA Academy: De omscholing van Guido', 30, NULL, NULL),
(15, 3, 1, '2019-10-18 22:25:10', '2018-10-03 18:58:51', 'Onze favoriete online tools', 31, NULL, NULL),
(16, 3, 1, '2019-05-24 14:23:17', '2018-12-27 13:35:46', 'DUODEKA Fontys ICT Partner in Education', 32, NULL, NULL),
(17, 3, 1, '2019-09-27 08:58:01', '2019-05-24 11:52:14', 'Business Model Canvas – Online concept validatie', 33, NULL, NULL),
(18, 3, 1, '2019-09-27 08:57:57', '2019-05-24 12:20:38', 'Online verdienmodellen – Begin met online ondernemen', 34, NULL, NULL),
(19, 3, 1, '2019-09-27 08:58:42', '2019-06-28 09:40:36', 'Case – Photo Booth software Red Panda', 35, NULL, NULL),
(20, 3, 1, '2019-09-27 08:58:45', '2019-07-01 09:47:59', 'Case – Roosterapplicatie voor het EBT carrière evenement', 36, NULL, NULL),
(21, 3, 1, '2019-10-02 14:37:42', '2019-07-22 10:49:08', 'De Lean Startup Methode', 37, NULL, NULL),
(22, 3, 1, '2019-10-21 06:58:25', '2019-08-14 10:58:06', 'Case – Concept validatie online gaming platform', 38, NULL, NULL);

--
-- Dumping data for table `employee`
--

INSERT INTO `employee` (`id`, `created_at`, `updated_at`) VALUES
(1, NULL, NULL),
(2, NULL, NULL),
(6, NULL, NULL),
(7, NULL, NULL),
(8, NULL, NULL),
(9, NULL, NULL);

--
-- Dumping data for table `employees`
--

INSERT INTO `employees` (`id`, `organization_id`, `employee_id`, `created_at`, `updated_at`) VALUES
(1, 1, 1, NULL, NULL),
(1, 2, 1, NULL, NULL),
(2, 1, 2, NULL, NULL),
(9, 2, 9, NULL, NULL),
(6, 2, 6, NULL, NULL),
(7, 1, 7, NULL, NULL),
(8, 1, 8, NULL, NULL),
(10, 2, 10, NULL, NULL),
(5, 1, 5, NULL, NULL);

--
-- Dumping data for table `founder`
--

INSERT INTO `founder` (`id`, `created_at`, `updated_at`) VALUES
(1, NULL, NULL),
(2, NULL, NULL),
(3, NULL, NULL),
(4, NULL, NULL);

--
-- Dumping data for table `founders`
--

INSERT INTO `founders` (`id`, `organization_id`, `founder_id`, `created_at`, `updated_at`) VALUES
(1, 1, 1, NULL, NULL),
(2, 1, 2, NULL, NULL),
(3, 1, 3, NULL, NULL),
(4, 1, 4, NULL, NULL);

--
-- Dumping data for table `image`
--

INSERT INTO `image` (`id`, `thing_id`, `image`, `created_at`, `updated_at`) VALUES
(1, 17, 'https://duodeka.nl/app/uploads/2019/11/WhatsApp-Image-2019-11-11-at-09.58.03.jpeg', NULL, NULL),
(2, 17, 'https://duodeka.nl/app/uploads/2019/11/WhatsApp-Image-2019-11-11-at-09.57.42.jpeg', NULL, NULL),
(3, 17, 'https://duodeka.nl/app/uploads/2019/11/WhatsApp-Image-2019-11-11-at-09.57.42-1.jpeg', NULL, NULL),
(4, 17, 'https://duodeka.nl/app/uploads/2019/11/WhatsApp-Image-2019-11-10-at-00.49.58-1024x768.jpeg', NULL, NULL),
(5, 17, 'https://duodeka.nl/app/uploads/2019/11/WhatsApp-Image-2019-11-10-at-00.49.57-1024x768.jpeg', NULL, NULL),
(6, 17, 'https://duodeka.nl/app/uploads/2019/11/WhatsApp-Image-2019-11-10-at-00.49.57-1-768x1024.jpeg', NULL, NULL),
(7, 17, 'https://duodeka.nl/app/uploads/2019/11/hackaton.jpg', NULL, NULL),
(8, 17, 'https://duodeka.nl/app/uploads/2019/11/WhatsApp-Image-2019-11-10-at-00.49.58.jpeg', NULL, NULL),
(9, 18, 'https://duodeka.nl/app/themes/duodeka/dist/images/photos/faxx_73456d0a.jpg', NULL, NULL),
(10, 19, 'https://duodeka.nl/app/uploads/2018/10/image-2018-10-02-e1538484370346.png', NULL, NULL),
(11, 19, 'https://duodeka.nl/app/uploads/2018/05/joey-maas.jpg', NULL, NULL),
(12, 20, 'https://duodeka.nl/app/uploads/2017/07/Microservice-architectuur.jpg', NULL, NULL),
(13, 21, 'https://duodeka.nl/app/uploads/2019/05/online-ondernemer.jpg', NULL, NULL),
(14, 22, 'https://duodeka.nl/app/uploads/2019/05/Opstarten-online-business.jpg', NULL, NULL),
(15, 23, 'https://duodeka.nl/app/uploads/2018/10/image-2018-10-02-e1538484370346.png', NULL, NULL),
(16, 23, 'https://duodeka.nl/app/uploads/2018/05/david.jpg', NULL, NULL),
(17, 24, 'https://duodeka.nl/app/uploads/2018/06/quickorder-301139-unsplash-e1528207233965.jpg', NULL, NULL),
(18, 25, 'https://duodeka.nl/app/uploads/2018/04/Software-kwaliteitcontrole.png', NULL, NULL),
(19, 25, 'https://duodeka.nl/app/uploads/2018/04/Software-kwaliteitcontrole-1.png', NULL, NULL),
(20, 25, 'https://duodeka.nl/app/uploads/2017/12/THAR-fotoshoot-1200X800-e1512750915248.jpg', NULL, NULL),
(21, 26, 'https://duodeka.nl/app/uploads/2018/06/jeshoots-com-523925-unsplash-2.jpg', NULL, NULL),
(22, 26, 'https://duodeka.nl/verliezen-door-it-problemen/duodeka.test/app/uploads/2018/06/neonbrand-618320-unsplash-250x156.jpg', NULL, NULL),
(23, 27, 'https://duodeka.nl/app/uploads/2019/06/desktop-and-products-e1562872561667.png', NULL, NULL),
(24, 27, 'https://duodeka.nl/app/uploads/2019/07/Kopie-van-mobile.png', NULL, NULL),
(25, 28, 'https://duodeka.nl/app/uploads/2018/06/image-2018-06-19.png', NULL, NULL),
(26, 28, 'https://duodeka.nl/app/uploads/2018/06/image-2018-06-19-700x466.png', NULL, NULL),
(27, 28, 'https://duodeka.nl/app/uploads/2018/06/icons-for-website-01-700x518.png', NULL, NULL),
(28, 28, 'https://duodeka.nl/app/uploads/2018/04/backbone_logo-700x577.png', NULL, NULL),
(29, 29, 'https://duodeka.nl/app/uploads/2018/07/rawpixel-659481-unsplash-min_opt.jpg', NULL, NULL),
(30, 29, 'https://duodeka.nl/app/uploads/2018/07/Problemen-met-Excel-700x394.png', NULL, NULL),
(31, 29, 'https://duodeka.nl/app/uploads/2019/06/fzo-2.png', NULL, NULL),
(32, 30, 'https://duodeka.nl/app/uploads/2018/09/IMG-20180629-WA0020-e1537531239953.jpg', NULL, NULL),
(33, 30, 'https://duodeka.nl/app/uploads/2018/04/backbone_logo-700x577.png', NULL, NULL),
(34, 30, 'https://duodeka.nl/app/uploads/2018/09/2018-07-03.png', NULL, NULL),
(35, 30, 'https://duodeka.nl/app/uploads/2018/06/logo-2-700x213.png', NULL, NULL),
(36, 31, 'https://duodeka.nl/app/uploads/2018/09/image-2018-09-17-e1537190005541.png', NULL, NULL),
(37, 31, 'https://duodeka.nl/app/uploads/2018/09/Wunderlist-250x188.png', NULL, NULL),
(38, 31, 'https://duodeka.nl/app/uploads/2018/09/slack-700x200.png', NULL, NULL),
(39, 31, 'https://duodeka.nl/app/uploads/2018/09/Hubspot-700x203.png', NULL, NULL),
(40, 31, 'https://duodeka.nl/app/uploads/2018/09/Homerun.png', NULL, NULL),
(41, 31, 'https://duodeka.nl/app/uploads/2018/06/logo-2-700x213.png', NULL, NULL),
(42, 32, 'https://duodeka.nl/app/uploads/2018/10/image-2018-10-02-e1538484370346.png', NULL, NULL),
(43, 32, 'https://duodeka.nl/app/uploads/2018/10/Partner-in-Education-Daan.jpg', NULL, NULL),
(44, 33, 'https://duodeka.nl/app/uploads/2019/05/Business-Model-Canvas.jpg', NULL, NULL),
(45, 33, 'https://duodeka.nl/app/uploads/2019/05/Digitale-transformatie-2-724x1024.png', NULL, NULL),
(46, 33, 'https://duodeka.nl/app/uploads/2019/05/1119px-Business_Model_Canvas-768x494.png', NULL, NULL),
(47, 33, 'https://duodeka.nl/app/uploads/2019/05/BusinessModel.jpg', NULL, NULL),
(48, 34, 'https://duodeka.nl/app/uploads/2019/05/Online-verdienmodellen-1.jpg', NULL, NULL),
(49, 34, 'https://duodeka.nl/app/uploads/2019/05/Digitale-transformatie-2-724x1024.png', NULL, NULL),
(50, 34, 'https://duodeka.nl/app/uploads/2019/05/online-ondernemer.jpg', NULL, NULL),
(51, 34, 'https://duodeka.nl/app/uploads/2019/05/Opstarten-online-business.jpg', NULL, NULL),
(52, 35, 'https://duodeka.nl/app/uploads/2018/11/red-panda-vr-breda.jpg', NULL, NULL),
(53, 35, 'https://duodeka.nl/app/uploads/2018/11/red-panda-vr-dashboard-768x364.png', NULL, NULL),
(54, 35, 'https://duodeka.nl/app/uploads/2018/11/redpanda-virtual-reality.jpg', NULL, NULL),
(55, 36, 'https://duodeka.nl/app/uploads/2018/06/ebt-picture-e1561715334116.jpg', NULL, NULL),
(56, 36, 'https://duodeka.nl/app/uploads/2018/06/ebt.png', NULL, NULL),
(57, 36, 'https://duodeka.nl/app/uploads/2018/06/ebt-example-company-768x768.png', NULL, NULL),
(58, 36, 'https://duodeka.nl/app/uploads/2018/06/ebt-screenshot-768x768.png', NULL, NULL),
(59, 37, 'https://duodeka.nl/app/uploads/2019/07/Lean-Startup-Methode.jpg', NULL, NULL),
(60, 37, 'https://duodeka.nl/app/uploads/2019/07/ondernemen_duodeka.png', NULL, NULL),
(61, 37, 'https://duodeka.nl/app/uploads/2019/07/Lean-Startup-BMC-768x512.jpg', NULL, NULL),
(62, 38, 'https://duodeka.nl/app/uploads/2019/08/gg4u-web.jpg', NULL, NULL),
(63, 38, 'https://duodeka.nl/app/uploads/2019/08/create-match.png', NULL, NULL);

--
-- Dumping data for table `item_list`
--

INSERT INTO `item_list` (`id`, `created_at`, `updated_at`) VALUES
(1, NULL, NULL);

--
-- Dumping data for table `job_posting`
--

INSERT INTO `job_posting` (`id`, `base_salary_id`, `date_posted`, `employment_type`, `hiring_organization_id`, `job_location`, `job_location_type`, `title`, `valid_through`, `thing_id`, `created_at`, `updated_at`) VALUES
(1, 1, '2019-09-30', 0, 1, 1, 0, 'Frontend developer', '2019-10-31 00:00:00', 13, NULL, NULL),
(2, 1, '2019-10-01', 0, 1, 1, 0, 'Full-stack developer', NULL, 14, NULL, NULL);

--
-- Dumping data for table `list_item`
--

INSERT INTO `list_item` (`id`, `item_list_id`, `position`, `itemable_id`, `itemable_type`, `created_at`, `updated_at`) VALUES
(5, 1, 1, 2, 'App\\Models\\BlogPosting', NULL, NULL),
(6, 1, 2, 9, 'App\\Models\\BlogPosting', NULL, NULL),
(7, 1, 3, 12, 'App\\Models\\BlogPosting', NULL, NULL),
(8, 1, 4, 23, 'App\\Models\\BlogPosting', NULL, NULL),
(9, 1, 5, 22, 'App\\Models\\BlogPosting', NULL, NULL),
(10, 1, 6, 21, 'App\\Models\\BlogPosting', NULL, NULL),
(11, 1, 7, 20, 'App\\Models\\BlogPosting', NULL, NULL),
(12, 1, 8, 19, 'App\\Models\\BlogPosting', NULL, NULL),
(13, 1, 9, 18, 'App\\Models\\BlogPosting', NULL, NULL),
(14, 1, 10, 17, 'App\\Models\\BlogPosting', NULL, NULL),
(15, 1, 12, 15, 'App\\Models\\BlogPosting', NULL, NULL),
(16, 1, 13, 14, 'App\\Models\\BlogPosting', NULL, NULL),
(17, 1, 14, 13, 'App\\Models\\BlogPosting', NULL, NULL),
(18, 1, 11, 16, 'App\\Models\\BlogPosting', NULL, NULL),
(19, 1, 16, 10, 'App\\Models\\BlogPosting', NULL, NULL),
(20, 1, 15, 11, 'App\\Models\\BlogPosting', NULL, NULL),
(21, 1, 17, 8, 'App\\Models\\BlogPosting', NULL, NULL),
(22, 1, 18, 7, 'App\\Models\\BlogPosting', NULL, NULL),
(23, 1, 19, 6, 'App\\Models\\BlogPosting', NULL, NULL),
(24, 1, 20, 5, 'App\\Models\\BlogPosting', NULL, NULL),
(25, 1, 21, 4, 'App\\Models\\BlogPosting', NULL, NULL),
(26, 1, 22, 3, 'App\\Models\\BlogPosting', NULL, NULL);

--
-- Dumping data for table `monetary_amount`
--

INSERT INTO `monetary_amount` (`id`, `currency`, `value_id`, `created_at`, `updated_at`) VALUES
(1, 'EUR', 1, NULL, NULL);

--
-- Dumping data for table `organization`
--

INSERT INTO `organization` (`id`, `address_id`, `email`, `legal_name`, `location_id`, `logo`, `telephone`, `thing_id`, `created_at`, `updated_at`) VALUES
(1, 1, 'info@duodeka.nl', 'DUODEKA Coöperatie U.A.', 1, 'http://duodeka.nl/app/uploads/2018/11/duodeka-logo-blue.png', '132032264', 1, NULL, NULL),
(2, 0, NULL, '', 0, '', '', 11, NULL, NULL);

--
-- Dumping data for table `person`
--

INSERT INTO `person` (`id`, `additional_name`, `address_id`, `email`, `family_name`, `given_name`, `telephone`, `thing_id`, `created_at`, `updated_at`) VALUES
(1, '', 0, 'koen@duodeka.nl', 'Lavrijssen', 'Koen', '622783833', 2, NULL, NULL),
(2, 'van de', 0, 'rik@doodeka.nl', 'Looi', 'Rik', '620992844', 3, NULL, NULL),
(3, '', 0, 'daan@duodeka.nl', 'Schoofs', 'Daan', '653586900', 4, NULL, NULL),
(4, '', 0, 'dion@duodeka.nl', 'Duimel', 'Dion', '644810461', 5, NULL, NULL),
(5, '', 0, 'david@duodeka.nl', 'Schulpen', 'David', '', 6, NULL, NULL),
(6, '', 0, 'emiel@duodeka.nl', 'Popelier', 'Emiel', '651269639', 7, NULL, NULL),
(7, '', 0, 'joey@duodeka.nl', 'Maas', 'Joey', '643720659', NULL, NULL, NULL),
(8, '', 0, 'sven@duodeka.nl', 'Zahharov', 'Sven', '613782844', 8, NULL, NULL),
(9, 'de', 0, 'thijs@mrwinston.nl', 'Jong', 'Thijs', '644870767', 9, NULL, NULL),
(10, 'van', 0, 'wesley@mrwinston.nl', 'Bergen', 'Wesley', '642577524', 10, NULL, NULL);

--
-- Dumping data for table `place`
--

INSERT INTO `place` (`id`, `address_id`, `geo_id`, `created_at`, `updated_at`) VALUES
(1, 1, NULL, NULL, NULL);

--
-- Dumping data for table `postal_address`
--

INSERT INTO `postal_address` (`id`, `address_country`, `address_locality`, `address_region`, `post_office_box_number`, `postal_code`, `street_address`, `created_at`, `updated_at`) VALUES
(1, 'NL', 'Tilburg', 'NB', NULL, '5017HR', 'Tivolistraat 50-52', NULL, NULL);

--
-- Dumping data for table `potential_action _google`
--

INSERT INTO `potential_action _google` (`id`, `google_web_site`, `google_search_action_id`, `created_at`, `updated_at`) VALUES
(1, 1, 1, NULL, NULL);

--
-- Dumping data for table `property_value`
--

INSERT INTO `property_value` (`id`, `value`, `thing_id`, `created_at`, `updated_at`) VALUES
(1, 'http://duodeka.nl/?post_type=job_listing&\r\np=3713', 15, NULL, NULL),
(2, 'http://duodeka.nl/?post_type=job_listing&\r\np=3714', 15, NULL, NULL);

--
-- Dumping data for table `property_value_specification`
--

INSERT INTO `property_value_specification` (`id`, `value_name`, `value_required`, `created_at`, `updated_at`) VALUES
(1, 'search_term_string', 1, NULL, NULL);

--
-- Dumping data for table `quantitative_value`
--

INSERT INTO `quantitative_value` (`id`, `unit_text`, `value`, `created_at`, `updated_at`) VALUES
(1, 'MONTH', 3250, NULL, NULL);

--
-- Dumping data for table `role`
--

INSERT INTO `role` (`id`, `person_id`, `roleable_id`, `roleable_type`, `created_at`, `updated_at`) VALUES
(1, 1, 1, 'App\\Models\\Employee', NULL, NULL),
(2, 2, 2, 'App\\Models\\Employee', NULL, NULL),
(3, 1, 1, 'App\\Models\\Founder', NULL, NULL),
(4, 2, 2, 'App\\Models\\Founder', NULL, NULL),
(5, 3, 3, 'App\\Models\\Founder', NULL, NULL),
(6, 4, 4, 'App\\Models\\Founder', NULL, NULL),
(7, 6, 6, 'App\\Models\\Employee', NULL, NULL),
(8, 9, 9, 'App\\Models\\Employee', NULL, NULL),
(9, 7, 7, 'App\\Models\\Employee', NULL, NULL),
(10, 8, 8, 'App\\Models\\Employee', NULL, NULL),
(11, 10, 10, 'App\\Models\\Employee', NULL, NULL),
(12, 5, 5, 'App\\Models\\Employee', NULL, NULL);

--
-- Dumping data for table `same_as`
--

INSERT INTO `same_as` (`id`, `thing_id`, `url`, `created_at`, `updated_at`) VALUES
(1, 1, 'https://www.facebook.com/duodeka', NULL, NULL),
(2, 1, 'https://www.instagram.com/duodeka', NULL, NULL),
(3, 1, 'https://www.linkedin.com/company/duodeka', NULL, NULL);

--
-- Dumping data for table `search_action_google`
--

INSERT INTO `search_action_google` (`in`, `target`, `query-input`, `created_at`, `updated_at`) VALUES
(1, 'https://duodeka.nl/?s={search_term_string}', 1, NULL, NULL);

--
-- Dumping data for table `site`
--

INSERT INTO `site` (`id`, `thing_id`, `created_at`, `updated_at`) VALUES
(1, 12, NULL, NULL);

--
-- Dumping data for table `thing`
--

INSERT INTO `thing` (`id`, `alternate_name`, `description`, `name`, `url`, `identifier_id`, `main_entity_of_page`, `created_at`, `updated_at`) VALUES
(1, 'XII', '', 'DUODEKA', 'https://duodeka.nl', NULL, '', NULL, NULL),
(2, '', '', '', 'https://www.linkedin.com/in/klavrijssen', NULL, '', NULL, NULL),
(3, '', '', '', 'https://www.linkedin.com/in/rik-van-de-looi', NULL, '', NULL, NULL),
(4, '', '', '', 'https://www.linkedin.com/in/daanschoofs', NULL, '', NULL, NULL),
(5, '', '', '', 'https://www.linkedin.com/in/dion-duimel', NULL, '', NULL, NULL),
(6, '', '', '', 'https://www.linkedin.com/in/david-schulpen', NULL, '', NULL, NULL),
(7, '', '', '', 'https://www.linkedin.com/in/emiel-popelier-870732177', NULL, '', NULL, NULL),
(8, '', '', '', 'https://www.linkedin.com/in/sven-zahharov-a82507158', NULL, '', NULL, NULL),
(9, '', '', '', 'https://www.linkedin.com/in/thijsdejong1995', NULL, '', NULL, NULL),
(10, '', '', '', 'https://www.linkedin.com/in/wesleyvanbergen', NULL, '', NULL, NULL),
(11, '', '', 'Mr. Winston', NULL, NULL, '', NULL, NULL),
(12, '', '', 'DUODEKA - Venture Builder | Digital Transformer', 'https://duodeka.nl', NULL, '', NULL, NULL),
(13, '', '&lt;p&gt;DUODEKA is a Venture Builder started by IT entrepreneurs from Tilburg. We specialize in devising, validating and developing digital products, apps and platforms.&lt;\\/p&gt;\\n&lt;p&gt;Together with entrepreneurs, we develop digital products that are marketed as a separate company.&lt;\\/p&gt;\\n&lt;p&gt;On the one hand, we devise, develop and market our own digital concepts. On the other hand, we develop digital products for SME that digitally transform a business model.&lt;\\/p&gt;\\n&lt;p&gt;To strengthen our current team, we are looking for a (English) frontend developer in Tilburg.&lt;\\/p&gt;\\n&lt;p&gt;Job description&lt;br \\/&gt;\\nAs a (English) frontend developer in Tilburg at DUODEKA you have the opportunity to participate fully in all projects; both for the customer and our own products. These are mainly developed in React or Vue.js (frontend) and Laravel or Meteor (backend).&lt;\\/p&gt;\\n&lt;p&gt;You translate the visual wishes into concrete functionality and design. You understand the flow of an application and can transform it into a perfect UX. You see that the complexity of applications nowadays is shifting more and more from the backend to the frontend and you are not afraid to take on the associated challenges.&lt;\\/p&gt;\\n&lt;p&gt;&lt;em&gt;Do you like all of this? Then read on!&lt;\\/em&gt;&lt;\\/p&gt;\\n&lt;p&gt;&lt;strong&gt;Our MoSCoW list (job requirements)&lt;\\/strong&gt;&lt;br \\/&gt;\\n&lt;em&gt;Must haves&lt;\\/em&gt;&lt;\\/p&gt;\\n&lt;ul&gt;\\n&lt;li&gt;Good command of the Dutch and English language&lt;\\/li&gt;\\n&lt;li&gt;Experience with frontend JavaScript frameworks (React, Vue.js)&lt;\\/li&gt;\\n&lt;li&gt;Very skilled with HTML, css \\/ sass&lt;\\/li&gt;\\n&lt;li&gt;A good eye for UI \\/ UX and Design&lt;\\/li&gt;\\n&lt;li&gt;Being able to solve problems independently&lt;\\/li&gt;\\n&lt;\\/ul&gt;\\n&lt;p&gt;&lt;em&gt;Should haves&lt;\\/em&gt;&lt;\\/p&gt;\\n&lt;ul&gt;\\n&lt;li&gt;Experience with GIT (or other VCS)&lt;\\/li&gt;\\n&lt;li&gt;Translate customer wishes into concrete developments&lt;\\/li&gt;\\n&lt;li&gt;Understanding of commercial and business processes&lt;\\/li&gt;\\n&lt;\\/ul&gt;\\n&lt;p&gt;&lt;em&gt;(very) Nice to have&lt;\\/em&gt;&lt;br \\/&gt;\\nExperience with:&lt;\\/p&gt;\\n&lt;ul&gt;\\n&lt;li&gt;API interfacing (GraphQL or REST)&lt;\\/li&gt;\\n&lt;li&gt;Laravel, MeteorJS&lt;\\/li&gt;\\n&lt;li&gt;SQL (MySQL) or NoSQL (MongoDB) databases&lt;\\/li&gt;\\n&lt;li&gt;Database design, application structures and design patterns&lt;\\/li&gt;\\n&lt;li&gt;Project management (tools such as JIRA)&lt;\\/li&gt;\\n&lt;li&gt;Wordpress&lt;\\/li&gt;\\n&lt;\\/ul&gt;\\n&lt;p&gt;&lt;strong&gt;We offer&lt;\\/strong&gt;&lt;\\/p&gt;\\n&lt;ul&gt;\\n&lt;li&gt;Working in a young company consisting of digital entrepreneurs and programmers&lt;\\/li&gt;\\n&lt;li&gt;Working on custom projects and own SaaS products in the latest technologies&lt;\\/li&gt;\\n&lt;li&gt;A continuous focus on software development that supports (new) revenue models&lt;\\/li&gt;\\n&lt;li&gt;Working with ambitious colleagues who always want to learn new things&lt;\\/li&gt;\\n&lt;li&gt;Fast career opportunities as a project manager, team lead, business analyst and \\/ or product owner&lt;\\/li&gt;\\n&lt;li&gt;Lots of room for innovation, research and personal contribution&lt;\\/li&gt;\\n&lt;li&gt;Business laptop&lt;\\/li&gt;\\n&lt;li&gt;Every Friday: Vrijmibo&lt;\\/li&gt;\\n&lt;li&gt;LAN party events&lt;\\/li&gt;\\n&lt;\\/ul&gt;\\n&lt;p&gt;&lt;strong&gt;Job application&lt;\\/strong&gt;&lt;br \\/&gt;\\nAre you interested in this vacancy and does the profile of (English) frontend developer in Tilburg suit you? Then we would love to hear from you. For more information you can contact Daan Schoofs via the telephone number &lt;strong&gt;06 535 869 00&lt;\\/strong&gt; or via email at &lt;strong&gt;daan@duodeka.nl&lt;\\/strong&gt;.&lt;\\/p&gt;\\n&lt;p&gt;&lt;strong&gt;About DUODEKA&lt;\\/strong&gt;&lt;br \\/&gt;\\nOur team has years of experience with web development (Laravel, Meteor, React, Vue.js) and entrepreneurship. Our team also has expertise in UX \\/ UI, sales and marketing.&lt;\\/p&gt;\\n&lt;p&gt;Do you find it cool to help companies take the next step in digital transformation and develop a new business? Then you have come to the right place. Our commercial software team mainly develops in PHP (Laravel) and Javascript (Meteor). For this we use frontend frameworks such as ReactJS and Vue.JS. Furthermore, we naturally work with programs such as JIRA, Git, Adobe XD, InVision and Visual Studio Code.&lt;\\/p&gt;\\n&lt;p&gt;If you want to know more about the projects in which you are going to work, have a look at &lt;a href=\\\"https:\\/\\/duodeka.nl\\\"&gt;https:\\/\\/duodeka.nl&lt;\\/a&gt;.&lt;\\/p&gt;\\n', 'Frontend developer in Tilburg', 'https://duodeka.nl/vacature/english-frontend-developer-in-tilburg', 2, '', NULL, NULL),
(14, '', '&lt;p&gt;DUODEKA is a Venture Builder started by IT entrepreneurs from Tilburg. We specialize in devising, validating and developing digital products, apps and platforms.&lt;\\/p&gt;\\n&lt;p&gt;Together with entrepreneurs, we develop digital products that are marketed as a separate company.&lt;\\/p&gt;\\n&lt;p&gt;On the one hand, we devise, develop and market our own digital concepts. On the other hand, we develop digital products for SME that digitally transform a business model.&lt;\\/p&gt;\\n&lt;p&gt;To strengthen our current team, we are looking for a (English) full-stack developer in Tilburg.&lt;\\/p&gt;\\n&lt;p&gt;&lt;strong&gt;Job description&lt;\\/strong&gt;&lt;br \\/&gt;\\nAs a (English) full-stack developer in Tilburg at DUODEKA you directly participate in a wide range of projects, including both customized assignments and our own SaaS products. You develop functionality based on the defined requirements and you are a valuable part of the development team. We mainly develop in Laravel or Meteor (backend) and React or Vue.js (frontend).&lt;\\/p&gt;\\n&lt;p&gt;In addition, we offer the opportunity to quickly grow into a management position (team lead, project manager) or to grow as a business analyst (intake, database design, requirements). In short, a lot of room for (software) development!&lt;\\/p&gt;\\n&lt;p&gt;&lt;em&gt;Do you like all\\u00a0 of this? Then read on!&lt;\\/em&gt;&lt;\\/p&gt;\\n&lt;p&gt;&lt;strong&gt;Our MoSCoW list (job requirements)&lt;\\/strong&gt;&lt;br \\/&gt;\\n&lt;em&gt;Must haves&lt;\\/em&gt;&lt;\\/p&gt;\\n&lt;ul&gt;\\n&lt;li&gt;Good command of the Dutch and English language&lt;\\/li&gt;\\n&lt;li&gt;A strong understanding of OOP within a modern MVC framework&lt;\\/li&gt;\\n&lt;li&gt;Experience with SQL (MySQL) or NoSQL (MongoDB) databases&lt;\\/li&gt;\\n&lt;li&gt;Experience with front-end JavaScript frameworks (React, Vue.js)&lt;\\/li&gt;\\n&lt;li&gt;Being able to solve problems independently&lt;\\/li&gt;\\n&lt;\\/ul&gt;\\n&lt;p&gt;&lt;em&gt;Should haves&lt;\\/em&gt;&lt;\\/p&gt;\\n&lt;ul&gt;\\n&lt;li&gt;Experience with GIT (or other VCS)&lt;\\/li&gt;\\n&lt;li&gt;Experience with API interfacing (GraphQL or REST)&lt;\\/li&gt;\\n&lt;li&gt;Understanding of commercial and business processes&lt;\\/li&gt;\\n&lt;\\/ul&gt;\\n&lt;p&gt;&lt;em&gt;(very) Nice to have&lt;\\/em&gt;&lt;br \\/&gt;\\nExperience with:&lt;\\/p&gt;\\n&lt;ul&gt;\\n&lt;li&gt;Laravel, MeteorJS&lt;\\/li&gt;\\n&lt;li&gt;Project management (tools such as JIRA)&lt;\\/li&gt;\\n&lt;li&gt;Database design, application structures and design patterns&lt;\\/li&gt;\\n&lt;li&gt;Translate customer wishes into concrete developments&lt;\\/li&gt;\\n&lt;\\/ul&gt;\\n&lt;p&gt;&lt;strong&gt;We offer&lt;\\/strong&gt;&lt;\\/p&gt;\\n&lt;ul&gt;\\n&lt;li&gt;Working in a young company consisting of digital entrepreneurs and programmers&lt;\\/li&gt;\\n&lt;li&gt;Working on custom projects and own SaaS products in the latest technologies&lt;\\/li&gt;\\n&lt;li&gt;A continuous focus on software development that supports (new) revenue models&lt;\\/li&gt;\\n&lt;li&gt;Working with ambitious colleagues who always want to learn new things&lt;\\/li&gt;\\n&lt;li&gt;Fast career opportunities as a project manager, team lead, business analyst and \\/ or product owner&lt;\\/li&gt;\\n&lt;li&gt;Lots of room for innovation, research and personal contribution&lt;\\/li&gt;\\n&lt;li&gt;Business laptop&lt;\\/li&gt;\\n&lt;li&gt;Every Friday: Vrijmibo&lt;\\/li&gt;\\n&lt;li&gt;LAN party events&lt;\\/li&gt;\\n&lt;\\/ul&gt;\\n&lt;p&gt;&lt;strong&gt;Job application&lt;\\/strong&gt;&lt;br \\/&gt;\\nAre you interested in this vacancy and does the profile of (English) full-stack developer in Tilburg suit you? Then we would love to hear from you. For more information you can contact Daan Schoofs via the telephone number &lt;strong&gt;06 535 869 00&lt;\\/strong&gt; or via email at &lt;strong&gt;daan@duodeka.nl&lt;\\/strong&gt;.&lt;\\/p&gt;\\n&lt;p&gt;&lt;strong&gt;About DUODEKA&lt;\\/strong&gt;&lt;br \\/&gt;\\nOur team has years of experience with web development (Laravel, Meteor, React, Vue.js) and entrepreneurship. Our team also has expertise in UX \\/ UI, sales and marketing.&lt;\\/p&gt;\\n&lt;p&gt;Do you find it cool to help companies take the next step in digital transformation and develop a new business? Then you have come to the right place. Our commercial software team mainly develops in PHP (Laravel) and Javascript (Meteor). For this we use frontend frameworks such as ReactJS and Vue.JS. Furthermore, we naturally work with programs such as JIRA, Git, Adobe XD, InVision and Visual Studio Code.&lt;\\/p&gt;\\n&lt;p&gt;If you want to know more about the projects in which you are going to work, have a look at &lt;a href=\\\"https:\\/\\/duodeka.nl\\\"&gt;https:\\/\\/duodeka.nl&lt;\\/a&gt;.&lt;\\/p&gt;\\n', 'Full-stack developer in Tilburg', 'https://duodeka.nl/vacature/english-full-stack-developer-in-tilburg', 1, '', NULL, NULL),
(15, '', '', 'DUODEKA', NULL, NULL, '', NULL, NULL),
(16, '', '', '', NULL, NULL, '', NULL, NULL),
(17, '', 'De Hackathon die afgelopen weekend (8-10 oktober 2019) heeft plaatsgevonden in het Nwe Faxx te Tilburg was een groot succes. &hellip;', '', NULL, NULL, 'https://duodeka.nl/hackathon-tilburg-groot-succes/', NULL, NULL),
(18, '', 'DUODEKA is een Meteor partner, één van de momenteel vier in Nederland. Meteor is een framework die DUODEKA gebruikt voor Lean Software Development.', '', NULL, NULL, 'https://duodeka.nl/duodeka-official-meteor-partner/', NULL, NULL),
(19, '', 'DUODEKA is hard aan het groeien. Dit heeft zich de afgelopen tijd niet alleen vertaald in een nieuw kantoor, maar &hellip;', '', '', NULL, 'https://duodeka.nl/maak-kennis-met-joey/', NULL, NULL),
(20, '', 'Microservice-architectuur om IT ontwikkelingen te organiseren. In deze blog vertelt Wouter van Ooijen over microservice-architectuur.', '', NULL, NULL, 'https://duodeka.nl/ontvlechten-met-microservice-architectuur/', NULL, NULL),
(21, '', 'In deze student entrepreneur vertelt Daan Schoofs hoe hij samen met 5 studenten van Tilburg University “DUODEKA” heeft opgericht.', '', NULL, NULL, 'https://duodeka.nl/daan-schoofs-faces-online-interview-nl/', NULL, NULL),
(22, '', 'Gebruiksvriendelijke en kosteloze software die het management meer inzicht geeft in praktische en administratieve zaken, het klinkt haast te mooi &hellip;', '', NULL, NULL, 'https://duodeka.nl/online-urenregistratie-planning-voor-jouw-bedrijf/', NULL, NULL),
(23, '', 'DUODEKA is hard aan het groeien. In de laatste maanden hebben wij enkele nieuwe medewerkers mogen verwelkomen: maak kennis met David en Joey!', '', NULL, NULL, 'https://duodeka.nl/kennismaken-met-david/', NULL, NULL),
(24, '', 'Een minimum viable product kan gebruikt worden om een bedrijfsidee te testen. Doorgaands wanneer de Lean Startup Methode wordt gebruikt.', '', NULL, NULL, 'https://duodeka.nl/minimum-viable-product/', NULL, NULL),
(25, '', 'Zet jij vraagtekens bij jouw software kwaliteit? Wij doen een uitgebreide software kwaliteitscontrole om mogelijke problemen in kaart te brengen.', '', NULL, NULL, 'https://duodeka.nl/software-kwaliteit-controle/', NULL, NULL),
(26, '', 'IT problemen gooien vaak roet in het eten wanneer bedrijven een sterke groei doormaken. Achterblijvende IT kan een bedrijf een hoop problemen opleveren.', '', NULL, NULL, 'https://duodeka.nl/verliezen-door-it-problemen/', NULL, NULL),
(27, '', 'DUODEKA heeft voor Personal Protein een nieuwe maatwerk webshop ontwikkeld waarmee Personal Protein zowel de B2C als de B2B markt kan gaan veroveren.', '', NULL, NULL, 'https://duodeka.nl/personal-protein/', NULL, NULL),
(28, '', 'Bij het afnemen van websoftware komt men voor een belangrijke beslissing te staan: gaan we voor standaard of maatwerk software? Beide hebben hun voor- en nadelen. Dit artikel weegt de voor- en nadelen van standaard en maatwerk software af, zodat jij een keuze kunt maken tussen beide oplossingen. T', '', NULL, NULL, 'https://duodeka.nl/standaard-of-maatwerk-software/', NULL, NULL),
(29, '', 'Voor veel bedrijven is Excel op administratief gebied hun beste vriend, en dat is meer dan begrijpelijk. Excel is namelijk ontzettend toegankelijk. Toch kleven er ook veel nadelen aan het gebruik van het spreadsheets. Wij zetten onze redenen om te stoppen met Excel op een rijtje.', '', NULL, NULL, 'https://duodeka.nl/onze-redenen-om-te-stoppen-met-excel/', NULL, NULL),
(30, '', 'Na jaren werkzaam te zijn geweest binnen de mainframe-branche vond Guido het tijd voor iets anders. Hij besloot zich te laten omscholen tot IT&#039;er. Binnen enkele maanden heeft Guido de DUODEKA Academy doorlopen. Momenteel is hij werkzaam als Fullstack PHP developer. Lees het verhaal van Guido.', '', NULL, NULL, 'https://duodeka.nl/duodeka-academy-guido-omscholen/', NULL, NULL),
(31, '', 'Wij zijn DUODEKA zijn dol op handige online tools. Zelf hebben wij al een hoop problemen waar we tegenaan zijn gelopen, weten op te lossen. Graag delen wij een aantal van onze favoriete online tools met jullie: lees meer over Wunderlist, Slack, Hubspot en Homerun.', '', NULL, NULL, 'https://duodeka.nl/handige-online-tools/', NULL, NULL),
(32, '', 'Sinds september 2018 is DUODEKA officieel Fontys ICT Partner in Education. Wij zullen ICT studenten, waarbij de focus vooral zal liggen op ICT &amp; Business, verder helpen met hun opleiding.', '', NULL, NULL, 'https://duodeka.nl/fontys-ict-partner-in-education/', NULL, NULL),
(33, '', 'Het business model canvas is een ontzettend waardevol hulpmiddel binnen de tweede stap van de digitale transformatie: online concept validatie &amp; refinement.', '', NULL, NULL, 'https://duodeka.nl/business-model-canvas/', NULL, NULL),
(34, '', 'Jij hebt een idee voor een online verdienmodel: een digitaal product of dienst op de markt brengen of jouw huidige business digitaal transformeren.', '', NULL, NULL, 'https://duodeka.nl/online-verdienmodellen/', NULL, NULL),
(35, '', 'RedPanda heeft DUODEKA benaderd voor de ontwikkeling van Photo Booth software. Er was behoefte aan een interface voor een nieuwe &hellip;', '', NULL, NULL, 'https://duodeka.nl/case-photo-booth-software-red-panda/', NULL, NULL),
(36, '', 'Jaarlijks vinden de Economic Business weeks Tilburg plaats op de campus van Tilburg University. Om alles in goede banen te &hellip;', '', NULL, NULL, 'https://duodeka.nl/case-roosterapplicatie-voor-het-ebt-carriere-evenement/', NULL, NULL),
(37, '', 'De Lean Startup Methode is een methode van Eric Ries. Middels een MVP kun jij jouw bedrijfsidee testen voordat je daadwerkelijk de markt op gaat.', '', NULL, NULL, 'https://duodeka.nl/lean-startup-methode/', NULL, NULL),
(38, '', 'Om de levensvatbaarheid van het concept voor een online gaming platform te toetsen hebben GG4U en DUODEKA een riskiest assumption test uitgevoerd.', '', NULL, NULL, 'https://duodeka.nl/concept-validatie-platform/', NULL, NULL);

--
-- Dumping data for table `web_site`
--

INSERT INTO `web_site` (`id`, `site_id`, `created_at`, `updated_at`) VALUES
(1, 1, NULL, NULL);

--
-- Dumping data for table `web_site_google`
--

INSERT INTO `web_site_google` (`id`, `site_id`, `created_at`, `updated_at`) VALUES
(1, 1, NULL, NULL);
COMMIT;

/*!40101 SET CHARACTER_SET_CLIENT=@OLD_CHARACTER_SET_CLIENT */;
/*!40101 SET CHARACTER_SET_RESULTS=@OLD_CHARACTER_SET_RESULTS */;
/*!40101 SET COLLATION_CONNECTION=@OLD_COLLATION_CONNECTION */;
