-- phpMyAdmin SQL Dump
-- version 4.9.0.1
-- https://www.phpmyadmin.net/
--
-- Host: mysql
-- Generation Time: Nov 30, 2019 at 09:06 PM
-- Server version: 5.7.26
-- PHP Version: 7.2.19

SET SQL_MODE = "NO_AUTO_VALUE_ON_ZERO";
SET AUTOCOMMIT = 0;
START TRANSACTION;
SET time_zone = "+00:00";


/*!40101 SET @OLD_CHARACTER_SET_CLIENT=@@CHARACTER_SET_CLIENT */;
/*!40101 SET @OLD_CHARACTER_SET_RESULTS=@@CHARACTER_SET_RESULTS */;
/*!40101 SET @OLD_COLLATION_CONNECTION=@@COLLATION_CONNECTION */;
/*!40101 SET NAMES utf8mb4 */;

--
-- Database: `seo`
--

--
-- Dumping data for table `article`
--

INSERT INTO `article` (`id`, `article_body`, `creative_work_id`, `created_at`, `updated_at`) VALUES
(1, '<p>De Hackathon die afgelopen weekend (8-10 oktober 2019) heeft plaatsgevonden in het Nwe Faxx te Tilburg was een groot succes. DUODEKA heeft deze Hackathon georganiseerd samen met EIT Digital, Ultrahack, Datacon, VitaBit Software, Interpolis en InnoTractor. De participanten zijn vanuit de hele wereld naar Tilburg gekomen om te laten zien hoe digitalisering voor een betere wereld kan zorgen. In totaal hebben de participerende teams gedurende 48 uur: veel gehackt, gepitcht en weinig geslapen.</p><p>De jury was onder de indruk van de resultaten. Team Interjourney ging er uiteindelijk met de hoofdprijs van door.  De oplossing van Interjourney maakt het voor passagiers van het openbaar vervoer mogelijk om hun reis voorafgaand te plannen (incl. the last mile). Zo kunnen transportbedrijven beter in spelen op de benodigde capaciteit.</p><p>Wij danken alle participanten voor hun deelname!</p><p>Credits naar <a href=\'https://communiteers.nl/\'>Communiteers</a> voor de foto&#8217;s!</p>', 1, NULL, NULL),
(2, '<p>DUODEKa is nu 1 van de 4 officiële Meteor partners in Nederland! Met Meteor bouwen we Javascript webapplicaties die zowel op computer als op mobiele apparaten werken (Android, iOS, Windows Phone). Lees hieronder meer over de werking van MeteorJS.</p>\r\n<h2>MeteorJS framework</h2>\r\n<p>Onze webapplicaties worden boven op het Meteor framework gebouwd. Met de bleeding-edge technologie van het framework zijn onze ontwikkelaars in staat om in een rap tempo applicaties te maken die op elk mobiel apparaat, en de browser, geopend kunnen worden. Uw prototype app kan in zelfs in enkele dagen al klaar zijn voor gebruik.</p>\r\n<p>Dankzij de flexibiliteit van Meteor is het ook mogelijk om na de oplevering van het prototype extra functionaliteiten in te bouwen. Met Meteor is het mogelijk om notificaties te sturen naar de gebruiker en data te synchroniseren tussen apparaten. Bovendien is de performance van Meteor tegenwoordig nog nauwelijks te onderscheiden van Native mobile apps.</p>', 2, NULL, NULL),
(3, '<p><a href=\"https:duodeka.test/\">DUODEKA</a> is hard aan het groeien. Dit heeft zich de afgelopen tijd niet alleen vertaald in een nieuw kantoor, maar ook in een aantal nieuwe medewerkers. Vandaag introduceren wij  Joey aan jullie!</p>\r\n<p><strong>Wie is Joey?</strong></p>\r\n<p><em>Joey: </em>Ik ben Joey Maas, geboren in 1997 en woonachtig in Den Bosch. Mijn hobby’s zijn gamen en vrijwel alles wat met technologie te maken heeft. Ik blijf altijd op de hoogte van al het laatste nieuws op het gebied van programmeren, Artificial Intelligence en robotica. Ook geef ik graag zwemles.</p>\r\n<p><img class=\"alignnone size-full wp-image-3786\" src=\"https://duodeka.nl/app/uploads/2018/05/joey-maas.jpg\" alt=\"\" width=\"500\" height=\"700\" srcset=\"https://duodeka.nl/app/uploads/2018/05/joey-maas.jpg 500w, https://duodeka.nl/app/uploads/2018/05/joey-maas-214x300.jpg 214w\" sizes=\"(max-width: 500px) 100vw, 500px\" /></p>\r\n<p><strong>Wat doe je bij DUODEKA?</strong></p>\r\n<p><em>Joey: </em>Bij DUODEKA ben ik dagelijks bezig met programmeren. Net als Rik, Koen en Wouter ben ik bezig met het maken van applicaties en het aanpassen van de functionaliteiten van de gebouwde applicaties.</p>\r\n<p><strong>Waarom DUODEKA?</strong></p>\r\n<p><em>Joey: </em>Vanuit het UWV ben ik in contact gekomen met DUODEKA. Eerst moest ik een proefperiode van één maand doorlopen. Tijdens de proefperiode heb ik ondervonden dat ze hier een duidelijke structuur hebben en er een fijne sfeer heerst op kantoor. DUODEKA was ook tevreden met mij en heeft mij een contract aangeboden. Over het tekenen van het contract heb ik uiteraard geen seconde getwijfeld.</p>\r\n<p><strong>Wat hoop je te bereiken bij DUODEKA? </strong></p>\r\n<p><em>Joey: </em>Mezelf zo veel mogelijk ontwikkelen. Zo hoop ik beter te worden in plannen en een echte zelfstandige programmeur te worden. Ook wil ik steeds nieuwe informatie tot mij nemen en mijn kennis vergroten.</p>\r\n<p>Nader kennismaken met Joey? Kom eens langs op onze altijd gezellige VrijMiBo!</p>', 3, NULL, NULL),
(4, '<p>Digitalisering en automatisering staan in deze tijden niet meer bovenaan de agenda van MKB+ bedrijven. De meeste processen worden al breed ondersteund door IT systemen. Door het goedkoper worden van geavanceerde IT oplossingen, is de markt overspoeld met apps, services en andere clouddiensten. Dit heeft ertoe geleid dat er meerdere systemen gebruikt worden, maar er geen duidelijk overzicht is van wat al deze losse applicaties doen en welke koppelingen en informatie nodig is om ze te laten werken. Deze ontwikkelingen hebben nieuwe uitdagingen gecreëerd op gebied van informatiemanagement. Namelijk, het ontvlechten van informatiestromen en informatietechnologie.</p>\r\n<p>Als jonge IT ondernemer kom ik vergelijkbare situaties tegen in verschillende industrieën. Bedrijven hebben gelijksoortige problemen, maar ieder hanteert hun eigen “maatwerk” methode om deze problemen te tackelen. Dat deze oplossingen verschillend zijn is logisch, dat geeft een bedrijf immers een eigen gezicht. Echter als je IT gaat zien als bouwstenen voor een oplossing, kun je een hele hoop van deze bouwstenen hergebruiken en onafhankelijk van elkaar vervangen. In een klimaat waar business snel verandert is het belangrijk om snel te kunnen schakelen. Het enige wat je nodig hebt om dit te bereiken is de juiste mindset.</p>\r\n<p>Een van DUODEKA’s startups, Mr. Winston, is een horeca kassasysteem. Toen wij in contact kwamen met de markt, leerden wij dat een kassasysteem meer is dan een registratiesysteem voor bestellingen en rekeningen. Gebruikers zien het kassasysteem als het centrale punt waar informatie wordt uitgewisseld op de werkvloer. Het gaat hier dus ook om onder andere klantenloyaliteit, productinformatie, tafelbezetting, workflow ondersteuning, personeelsplanning en voorraadbeheer. Kortom, een hoop informatie die essentieel is voor de voeding van CRM-systemen, boekhoudsystemen, inkoopsystemen, reserveringssystemen, business intelligence systemen en andere bedrijfskritische systemen.</p>\r\n<p>Microservices</p>\r\n<p>In deze situaties – waar de functionele scope van het IT landschap gigantisch is – is het verstandig om te kijken naar alternatieven voor een traditionele monolithische architectuur. De implementatie van een microservice architectuur zou in deze gevallen een voor de handliggende keuze kunnen zijn, die – wanneer goed geïmplementeerd – zelfs een strategische enabler kan zijn. Dat wil zeggen dat de organisatie gerichter naar haar strategische doelstellingen kan streven.</p>\r\n<p>In agile management technieken wordt er al uitgegaan van korte ontwikkelfases en een veranderlijke business scope; de microservice-architectuur (MSA) is een IT architectuur die hier bij aansluit. Een microservice is een losstaande uitrolbare service die bijvoorbeeld 1 proces of 1 taak automatiseert. Ondanks de aansluiting met nieuwe begrippen zoals DevOps en Continuous Integration, past microservices perfect bij de Unix filosofie zoals deze in 1978 al is gedefinieerd door Douglas McIlroy; “Do one thing, and do it well”. Het lijkt wel alsof we dit de afgelopen jaren vergeten waren.</p>\r\n<p>Door te denken in microservices en een systeem op te delen in componenten blijft de ontwikkeling, implementatie en het onderhoud van het systeem beheersbaar. Iedere component vervult een business functie en doet enkel wat het moet doen, niets meer, niets minder. Dit verhoogt de transparantie en voorkomt een wirwar van informatiestromen. Hoe wordt vastgesteld wat zo’n component doet staat hieronder beschreven.</p>\r\n<p>Gebruik de business voor een duidelijke scope</p>\r\n<p>Een kritieke stap in het ontwerpen van een microservice-architectuur is het definiëren van een duidelijke scope van de services, ofwel het bepalen van de granulariteit. Voor web-services en Service Oriented Architecture (SOA) in het algemeen zijn er al duidelijke richtlijnen geschreven om een scope te definiëren, denk aan service orchestration en service choreography (C. Peltz, 2003). Voor microservice-architectuur is deze afweging echter nog gevoeliger omdat de stap naar een te kleine service (een nanoservice) snel gezet is. Hierbij wegen de voordelen van de aparte service niet op tegen de extra complexiteit die een service ook met zich mee brengt.</p>\r\n<p>Het bepalen van de granulariteit van services is dus een lastige taak voor de IT architect. Het uitgangspunt van DUODEKA is dat de business leidend is. De veroudering van systemen hangt niet zozeer samen met de veroudering van de technologie, maar met een misfit met de business door bijvoorbeeld de verandering van bedrijfsprocessen. Als deze bedrijfsprocessen onafhankelijk zijn vertaald naar IT kunnen deze ook onafhankelijk worden vervangen.</p>\r\n<p>Communicatie</p>\r\n<p>Niet iedere organisatie is ingericht voor het gebruik van microservice-architectuur, in plaats van grote ontwikkelteams die focussen op het gehele IT landschap, richt je al gauw meerdere kleinere teams in, die ieder verantwoordelijk zijn voor een bepaald gedeelte van de scope. Dit betekent wel dat communicatie een uitdaging wordt. Impact Mapping is een strategische planning techniek die wordt gebruikt om bedrijven te helpen met het definiëren van een roadmap voor microservice-architectuur. In veel projecten is het onduidelijk hoe wensen geprioriteerd moeten worden. Met impact mapping breng je in kaart welke impact een nieuwe IT-functie of -dienst heeft op de verschillende gebruikersgroepen, verspreid over verschillende IT systemen. Deze communicatie tool biedt de mogelijkheid om globale business-objectives tussen de verschillende teams af te stemmen.</p>\r\n<p>Ik zal niet beweren dat microservice-architectuur de heilige graal is voor ieder bedrijf om IT ontwikkelingen te organiseren. Echter als je technologisch voorop wil blijven lopen, kapitaal investeringen wilt verplaatsen naar operationele kosten en meerdere IT functies wilt aanbieden, dan biedt een Micro Service Architecture een unieke kans om dit te realiseren. Een architectuur die gedreven wordt door de bedrijfsvoering, zo accelereer je business.</p>\r\n<p>Over de auteur</p>\r\n<p>Wouter van Ooijen, 25 jaar oud, is oprichter van IT-coöperatie DUODEKA en horecasysteem Mr. Winston. Hij startte met programmeren op zijn 12e jaar en is sindsdien niet meer gestopt. Zijn passie voor programmeren is later samen gekomen met een passie voor ondernemen. Binnen DUODEKA en Mr. Winston houdt Wouter zich bezig met de service architectuur van systemen. De achtergrond voor deze rol heeft hij te danken aan zijn studie aan de Universiteit van Tilburg (Bachelor Economie en Informatica en de master Information Management), waar hij zich met name heeft bezig gehouden met de vraag hoe business aansluit op IT en vise versa.</p>\r\n<p>Referenties</p>\r\n<p>McIlroy, M. D., Pinson, E. N., &amp; Tague, B. A. (1978). UNIX Time‐Sharing System: Foreword. Bell System Technical Journal, 57(6), 1899-1904.</p>\r\n<p>Peltz, C. (2003). Web services orchestration and choreography. Computer, 36(10), 46-52.</p>', 4, NULL, NULL),
(5, '<p><em>In deze student entrepreneur vertelt <strong style=\"font-weight: 300;\">Daan Schoofs</strong> hoe hij samen met Dion Duimel, Joseph Rousseau, Koen Lavrijssen, Rik van de Looi en Wouter van Ooijen “DUODEKA” heeft opgericht. Het interview is gemaakt in samenwerking met Starterslift Tilburg, het centrum van Tilburg University voor ondernemende studenten met groot talent en ambitie.</em></p>\r\n<h4>Interview</h4>\r\n<p><strong>Daan Schoofs, kun je in het kort uitleggen wat het bedrijf zoal doet en wat het probeert te bereiken?</strong><br />\r\nIedereen laten profiteren van de mogelijkheden van IT, dat is de missie van DUODEKA. Wij werken intensief samen met partners uit het veld om IT producten te vermarkten en maatwerk software te ontwikkelen vanuit een business-first perspectief. Wij stemmen onze IT producten af op de business met als doel het verbeteren van bedrijfsresultaten.</p>\r\n<p>DUODEKA is een coöperatie bestaande uit een groep jonge Serial Entrepreneurs gespecialiseerd in PHP en JavaScript development. Door de combinatie van ondernemerschap en development kunnen wij ons focussen op Agile software vermarkting en development. Kleine, slimme investeringen doen, in recurring loops, om zo snel mogelijk een passende oplossing te vinden.</p>\r\n<p><strong>Wanneer kwam je met het idee om je eigen bedrijf te beginnen?<br />\r\n</strong>Hoewel ik tijdens mijn studie altijd ondernemend bezig was, ben ik nooit een ondernemer geweest. Richting mijn afstuderen, na het verzamelen van onderzoeksgegevens in Jakarta en tijdens de sollicitatie-processen, besefte ik me dat ik een bepaalde vrijheid wilde waarbinnen ik me volledig zou kunnen focussen op datgene wat ik echt belangrijk vind. Ik heb mezelf toen leren programmeren en begon na te denken over het starten van mijn eigen bedrijf.</p>\r\n<p><strong>Ondernemen vergt natuurlijk een flinke dosis lef. Wat heeft je ertoe gezet om de eerste stap te zetten en te beginnen?<br />\r\n</strong>Toen ik eenmaal had besloten dat ik een eigen bedrijf wilde starten, was ik ervan overtuigd dat als ik klein zou beginnen, mezelf zou omringen met ondernemers, er zich vanzelf mooie kansen zouden voordoen. In de incubator van Starterslift heb ik de jongens ontmoet waarmee we DUODEKA zijn begonnen.</p>\r\n<p><strong>Is het combineren van studeren en ondernemen gemakkelijk te combineren?<br />\r\n</strong>Het opbouwen en doorontwikkelen van een organisatie vergt continue aandacht. De combinatie tussen studie en ondernemen is uitdagend. Het brengt een enorme drain op je resources teweeg. Je hebt simpelweg minder FTE beschikbaar.</p>\r\n<p><strong>Wat is het belangrijkste dat je hebt geleerd tijdens het ondernemen dat je niet tijdens je studie kan leren?<br />\r\n</strong>De waarde van ‘gewoon beginnen’. In de universitaire wereld worden wij aangeleerd om alles eerst extensief te beredeneren. Hierdoor wordt echter vergeten dat ondernemen ook vooral doen is en dat door zo snel mogelijk met je potentiële klantengroep in contact te komen de meest waardevolle inzichten ontstaan.</p>\r\n<p><strong>Welke vaardigheden heb je tijdens je studie vergaard die je nu gebruikt in je dagelijkse activiteiten voor DUODEKA?<br />\r\n</strong>Ondernemen in IT is niet echt wat je wordt aangeleerd bij de studie Bestuurskunde aan de Tilburg University, maar de focus van Bestuurskunde op structuren, processen en regelgeving helpt mij nog dagelijks bij de inrichting van onze organisatie. Extra-curriculaire activiteiten hebben mij vaardigheden aangeleerd op het gebied van project- en teammanagement en strategie ontwikkeling. Deze kennis en vaardigheden zijn onmisbaar als je een groep mensen in een organisatie wilt veranderen.</p>\r\n<p><strong>Hoe zie je de toekomst van DUODEKA?<br />\r\n</strong>DUODEKA is een platform voor (jonge) technische ondernemers waarbinnen iedereen zijn eigen spotlight verdient. Met die focus zullen wij onze organisatie internationaal uitbreiden en uitrollen. DUODEKA is een omgeving waarbinnen we continue op zoek zijn naar nieuwe mogelijkheden voor IT Ventures. Door onze ondernemende en commerciële achtergrond centraal te stellen zullen wij steeds meer organisaties kunnen laten profiteren van de mogelijkheden van IT.</p>\r\n<p><strong>Heb je nog een goed advies voor starters of studenten die voor zichzelf willen beginnen?</strong></p>\r\n<blockquote><p><strong>“Stop met plannen, ga gewoon beginnen.”</strong> (Daan Schoofs)</p></blockquote>\r\n<p>Credits: <a href=\"https://faces-online.nl/duodeka-profiteren-mogelijkheden-it/\" target=\"_blank\" rel=\"noopener noreferrer\">faces-online.nl</a></p>', 5, NULL, NULL),
(6, '<p>Gebruiksvriendelijke en kosteloze software die het management meer inzicht geeft in praktische en administratieve zaken, het klinkt haast te mooi om waar te zijn. De DUODEKA coöperatie heeft met steun van haar Backbone studenten een plannings- en urenregistratiesysteem ontwikkeld, waar ook jouw bedrijf gebruik van kan en mag maken.</p>\r\n<p>Al sinds de oprichting van de DUODEKA coöperatie bestaat er behoefte aan een systeem om arbeidsuren te kunnen bijhouden en meer inzicht te krijgen in de taken van het management. Het systeem dat eerst werd gebruikt door DUODEKA voldeed niet meer aan de vraag. Een groeiend aantal werknemers en de behoefte aan meer inzicht zorgden voor een verlangen naar een beter systeem. Kortom, er moest een systeem ontwikkeld worden om meer inzicht te krijgen in praktische en administratieve zaken. Denk hierbij aan zaken als <i>welke taken vergen de meeste tijd? </i>of <i>welke uren zijn declarabel?</i></p>\r\n<p>De vraag naar een nieuw systeem is neergelegd bij de studenten van onze Backbone opleiding. De Backboners zijn aan de slag gegaan met de case en zijn met een oplossing gekomen: samen hebben zij Replan ontwikkeld. Replan is niet alleen technisch uitmuntend, maar sluit ook perfect aan op onze bedrijfsprocessen. Een bijkomstig voordeel is dat Replan kosteloos gebruikt kan worden, hetgeen op lange termijn kostenbesparing oplevert. Bovendien is Replan gestandaardiseerd, zodat het ook bij jouw bedrijf ingezet kan worden.</p>\r\n<p>Ben jij benieuwd naar Replan? Dan hebben wij een demo voor jou beschikbaar. Neem een kijkje op replan.duodeka.nl! Heb jij ook interesse in het krijgen van meer inzicht in jouw werknemers? En zou jij graag helemaal <b>gratis </b>gebruik willen maken van Replan? Neem dan contact met ons op!</p>', 6, NULL, NULL),
(7, '<p><a href=\"https:duodeka.test/\">DUODEKA</a> is hard aan het groeien. Dit heeft zich de afgelopen tijd niet alleen vertaald in een nieuw kantoor, maar ook in een aantal nieuwe medewerkers. Vandaag introduceren wij David aan jullie!</p>\r\n<p><strong>Wie is David?</strong></p>\r\n<p><em>David</em>: Mijn naam is David Schulpen, ik ben negentien jaar en studeer Communicatie &amp; Informatiewetenschappen aan de Universiteit van Tilburg. Doordeweeks ben ik woonachtig op kamers in Tilburg, in het weekend ben ik meestal in mijn geboorteplaats Sittard. Binnen mijn opleiding volg ik de specialisatie Bedrijfscommunicatie- en Digitale Media, zo hoop ik mijzelf klaar te stomen voor een carrière in de marketing. Ook ben ik fanatiek voetbalsupporter en schrijf hierover op <a href=\"https://www.indehekken.net/\">In de Hekken</a>.</p>\r\n<p><img class=\"alignnone size-full wp-image-3754\" src=\"https://duodeka.nl/app/uploads/2018/05/david.jpg\" alt=\"\" width=\"500\" height=\"700\" srcset=\"https://duodeka.nl/app/uploads/2018/05/david.jpg 500w, https://duodeka.nl/app/uploads/2018/05/david-214x300.jpg 214w\" sizes=\"(max-width: 500px) 100vw, 500px\" /></p>\r\n<p><strong>Wat doe jij bij DUODEKA?</strong></p>\r\n<p><em>David</em>: Sinds ongeveer twee maanden geleden loop ik stage als (online) marketeer bij DUODEKA. Dagelijks ben ik bezig met het bijhouden van de Sociale Media kanalen, het schrijven van blogs, website teksten en nieuwsbrieven, Google Analytics, SEO en probeer ik DUODEKA onder de aandacht te brengen in de media.</p>\r\n<p><strong>Waarom DUODEKA?</strong></p>\r\n<p><em>David: </em>Om mezelf naast mijn opleiding in de praktijk te ontwikkelen ben ik op eigen initiatief op zoek naar een stageplaats gegaan. Na oorspronkelijk gesolliciteerd te hebben bij Bobmail, bracht Bob van Bobmail mij in contact met de mannen van DUODEKA. Bij DUODEKA waren ze op zoek naar een stagiair (online) marketing. Deze taak vul ik sinds eind januari in. DUODEKA is een fris bedrijf waarvan het management volledig bestaat uit jonge ondernemers. Ik krijg veel vrijheid, maar wordt ook gestuurd waar nodig. In deze omgeving kan ik mezelf ideaal ontwikkelen!</p>\r\n<p><strong>Wat hoop je te bereiken bij DUODEKA? </strong></p>\r\n<p><em>David: </em>In de eerste plaats hoop ik de komende zes maanden te gaan knallen op het gebied van (online) marketing. Na afloop van deze zes maanden zullen we zien wat de toekomst brengt.</p>\r\n<p>Nader kennismaken met David? Kom eens langs op onze altijd gezellige VrijMiBo!</p>', 7, NULL, NULL),
(8, '<p>Jij wilt meer weten over het <strong>Minimum Viable Product</strong>, grote kans dat je ook geïnteresseerd bent in de<strong><a href=\"https://duodeka.nl/lean-startup-methode/\"> Lean Startup Methode</a></strong>. Dan is het waarschijnlijk beter om eerst ons <strong><a href=\"https://duodeka.nl/lean-startup-methode/\">blog over de Lean Startup Methode</a></strong> te lezen. In dit blog vertellen wij jou alles over specifiek met Minimum Viable Product.</p>\r\n<p>Het Minimum Viable Product wordt anno 2019 door een hoop bedrijven gebruikt om hun bedrijfsidee te toetsen (bijvoorbeeld wanneer men de Lean Startup Methode gebruikt). Maar wat is een Minimum Viable Product (MVP) nou precies?</p>\r\n<h2>Wat is een Minimum Viable Product?</h2>\r\n<p>Een MVP wordt vaak vergeleken met een prototype. Echter, een MVP is niet exact hetzelfde als een prototype. Een MVP is een product dat klaar is om door te groeien: een product met een absoluut minimum aan functionaliteiten, waarmee de levensvatbaarheid van het product kan worden getoetst. Een bedrijf kan met een MVP beoogde potentiële klanten benaderen en vragen om feedback. Is de feedback positief? Ga dan door met het ontwikkelen van het product. Is de feedback negatief? Dan zullen er de nodige aanpassingen nodig zijn of het product is in zijn geheel niet levensvatbaar.</p>\r\n<p>Eric Ries definieert in zijn boek De Lean Startup het begrip Minimum Viable Product perfect: “<em>Het Minimum Viable Product is de versie van een product die een team gebruikt om er het maximale aantal leerpunten over gebruikers uit te trekken, met minimale inspanning</em>.”</p>\r\n<h2>Feedback vergaren</h2>\r\n<p>Je kunt je MVP toetsen door beoogde potentiële klanten te benaderen, maar denk ook aan bijvoorbeeld investeerders. Kies een aantal collega ondernemers uit je netwerk die behoren tot je potentiële doelgroep, en vraag hen simpelweg of ze je product (MVP) willen reviewen.</p>\r\n<h2>Hulp nodig?</h2>\r\n<p>Wil jij jouw bedrijfsidee ook toetsen middels een MVP? Neem gerust <a href=\"https://duodeka.nl/contact\">contact</a> met ons op, dan kijken wij wat wij voor jou kunnen betekenen.</p>', 8, NULL, NULL);

--
-- Dumping data for table `blog_posting`
--

INSERT INTO `blog_posting` (`id`, `article_id`, `created_at`, `updated_at`) VALUES
(2, 1, NULL, NULL),
(3, 2, NULL, NULL),
(4, 3, NULL, NULL),
(5, 4, NULL, NULL),
(6, 5, NULL, NULL),
(7, 6, NULL, NULL),
(8, 7, NULL, NULL),
(9, 8, NULL, NULL);

--
-- Dumping data for table `creative_work`
--

INSERT INTO `creative_work` (`id`, `author_id`, `publisher_id`, `date_modified`, `date_published`, `headline`, `thing_id`, `created_at`, `updated_at`) VALUES
(1, 4, 1, '2019-11-29 13:00:00', '2019-10-11 13:00:00', 'Hackathon Tilburg groot succes', 17, NULL, NULL),
(2, 1, 1, '2019-11-29 13:00:00', '2019-10-11 13:00:00', 'DUODEKA partner van MeteorJS', 18, NULL, NULL),
(3, 1, 1, '2019-11-29 13:00:00', '2019-10-11 13:00:00', 'Maak kennis met Joey', 19, NULL, NULL),
(4, 1, 1, '2019-11-29 13:00:00', '2019-10-11 13:00:00', 'Ontvlechten met microservice-architectuur', 20, NULL, NULL),
(5, 3, 1, '2019-11-29 13:00:00', '2019-10-11 13:00:00', 'Faces online interview met Daan Schoofs', 21, NULL, NULL),
(6, 3, 1, '2019-11-29 13:00:00', '2019-10-11 13:00:00', 'Online urenregistratie & planning voor jouw bedrijf', 22, NULL, NULL),
(7, 3, 1, '2019-11-29 13:00:00', '2019-10-11 13:00:00', 'Kennismaken met David', 23, NULL, NULL),
(8, 3, 1, '2019-11-29 13:00:00', '2019-10-11 13:00:00', 'Minimum Viable Product', 24, NULL, NULL);

--
-- Dumping data for table `employee`
--

INSERT INTO `employee` (`id`, `created_at`, `updated_at`) VALUES
(1, NULL, NULL),
(2, NULL, NULL),
(6, NULL, NULL),
(7, NULL, NULL),
(8, NULL, NULL),
(9, NULL, NULL);

--
-- Dumping data for table `employees`
--

INSERT INTO `employees` (`id`, `organization_id`, `employee_id`, `created_at`, `updated_at`) VALUES
(1, 1, 1, NULL, NULL),
(1, 2, 1, NULL, NULL),
(2, 1, 2, NULL, NULL),
(9, 2, 9, NULL, NULL),
(6, 2, 6, NULL, NULL),
(7, 1, 7, NULL, NULL),
(8, 1, 8, NULL, NULL),
(10, 2, 10, NULL, NULL),
(5, 1, 5, NULL, NULL);

--
-- Dumping data for table `founder`
--

INSERT INTO `founder` (`id`, `created_at`, `updated_at`) VALUES
(1, NULL, NULL),
(2, NULL, NULL),
(3, NULL, NULL),
(4, NULL, NULL);

--
-- Dumping data for table `founders`
--

INSERT INTO `founders` (`id`, `organization_id`, `founder_id`, `created_at`, `updated_at`) VALUES
(1, 1, 1, NULL, NULL),
(2, 1, 2, NULL, NULL),
(3, 1, 3, NULL, NULL),
(4, 1, 4, NULL, NULL);

--
-- Dumping data for table `image`
--

INSERT INTO `image` (`id`, `thing_id`, `image`, `created_at`, `updated_at`) VALUES
(1, 17, 'https://duodeka.nl/app/uploads/2019/11/WhatsApp-Image-2019-11-11-at-09.58.03.jpeg', NULL, NULL),
(2, 17, 'https://duodeka.nl/app/uploads/2019/11/WhatsApp-Image-2019-11-11-at-09.57.42.jpeg', NULL, NULL),
(3, 17, 'https://duodeka.nl/app/uploads/2019/11/WhatsApp-Image-2019-11-11-at-09.57.42-1.jpeg', NULL, NULL),
(4, 17, 'https://duodeka.nl/app/uploads/2019/11/WhatsApp-Image-2019-11-10-at-00.49.58-1024x768.jpeg', NULL, NULL),
(5, 17, 'https://duodeka.nl/app/uploads/2019/11/WhatsApp-Image-2019-11-10-at-00.49.57-1024x768.jpeg', NULL, NULL),
(6, 17, 'https://duodeka.nl/app/uploads/2019/11/WhatsApp-Image-2019-11-10-at-00.49.57-1-768x1024.jpeg', NULL, NULL),
(7, 17, 'https://duodeka.nl/app/uploads/2019/11/hackaton.jpg', NULL, NULL),
(8, 17, 'https://duodeka.nl/app/uploads/2019/11/WhatsApp-Image-2019-11-10-at-00.49.58.jpeg', NULL, NULL),
(9, 18, 'https://duodeka.nl/app/themes/duodeka/dist/images/photos/faxx_73456d0a.jpg', NULL, NULL),
(10, 19, 'https://duodeka.nl/app/uploads/2018/10/image-2018-10-02-e1538484370346.png', NULL, NULL),
(11, 19, 'https://duodeka.nl/app/uploads/2018/05/joey-maas.jpg', NULL, NULL),
(12, 20, 'https://duodeka.nl/app/uploads/2017/07/Microservice-architectuur.jpg', NULL, NULL),
(13, 21, 'https://duodeka.nl/app/uploads/2019/05/online-ondernemer.jpg', NULL, NULL),
(14, 22, 'https://duodeka.nl/app/uploads/2019/05/Opstarten-online-business.jpg', NULL, NULL),
(15, 23, 'https://duodeka.nl/app/uploads/2018/10/image-2018-10-02-e1538484370346.png', NULL, NULL),
(16, 23, 'https://duodeka.nl/app/uploads/2018/05/david.jpg', NULL, NULL),
(17, 24, 'https://duodeka.nl/app/uploads/2018/06/quickorder-301139-unsplash-e1528207233965.jpg', NULL, NULL);

--
-- Dumping data for table `job_posting`
--

INSERT INTO `job_posting` (`id`, `base_salary_id`, `date_posted`, `employment_type`, `hiring_organization_id`, `job_location`, `job_location_type`, `title`, `valid_through`, `thing_id`, `created_at`, `updated_at`) VALUES
(1, 1, '2019-09-30', 0, 1, 1, 0, 'Frontend developer', '2019-10-31 00:00:00', 13, NULL, NULL),
(2, 1, '2019-10-01', 0, 1, 1, 0, 'Full-stack developer', NULL, 14, NULL, NULL);

--
-- Dumping data for table `monetary_amount`
--

INSERT INTO `monetary_amount` (`id`, `currency`, `value_id`, `created_at`, `updated_at`) VALUES
(1, 'EUR', 1, NULL, NULL);

--
-- Dumping data for table `organization`
--

INSERT INTO `organization` (`id`, `address_id`, `email`, `legal_name`, `location_id`, `logo`, `telephone`, `thing_id`, `created_at`, `updated_at`) VALUES
(1, 1, 'info@duodeka.nl', 'DUODEKA Coöperatie U.A.', 1, 'http://duodeka.nl/app/uploads/2018/11/duodeka-logo-blue.png', '132032264', 1, NULL, NULL),
(2, 0, NULL, '', 0, '', '', 11, NULL, NULL);

--
-- Dumping data for table `person`
--

INSERT INTO `person` (`id`, `additional_name`, `address_id`, `email`, `family_name`, `given_name`, `telephone`, `thing_id`, `created_at`, `updated_at`) VALUES
(1, '', 0, 'koen@duodeka.nl', 'Lavrijssen', 'Koen', '622783833', 2, NULL, NULL),
(2, 'van de', 0, 'rik@doodeka.nl', 'Looi', 'Rik', '620992844', 3, NULL, NULL),
(3, '', 0, 'daan@duodeka.nl', 'Schoofs', 'Daan', '653586900', 4, NULL, NULL),
(4, '', 0, 'dion@duodeka.nl', 'Duimel', 'Dion', '644810461', 5, NULL, NULL),
(5, '', 0, 'david@duodeka.nl', 'Schulpen', 'David', '', 6, NULL, NULL),
(6, '', 0, 'emiel@duodeka.nl', 'Popelier', 'Emiel', '651269639', 7, NULL, NULL),
(7, '', 0, 'joey@duodeka.nl', 'Maas', 'Joey', '643720659', NULL, NULL, NULL),
(8, '', 0, 'sven@duodeka.nl', 'Zahharov', 'Sven', '613782844', 8, NULL, NULL),
(9, 'de', 0, 'thijs@mrwinston.nl', 'Jong', 'Thijs', '644870767', 9, NULL, NULL),
(10, 'van', 0, 'wesley@mrwinston.nl', 'Bergen', 'Wesley', '642577524', 10, NULL, NULL);

--
-- Dumping data for table `place`
--

INSERT INTO `place` (`id`, `address_id`, `geo_id`, `created_at`, `updated_at`) VALUES
(1, 1, NULL, NULL, NULL);

--
-- Dumping data for table `postal_address`
--

INSERT INTO `postal_address` (`id`, `address_country`, `address_locality`, `address_region`, `post_office_box_number`, `postal_code`, `street_address`, `created_at`, `updated_at`) VALUES
(1, 'NL', 'Tilburg', 'NB', NULL, '5017HR', 'Tivolistraat 50-52', NULL, NULL);

--
-- Dumping data for table `potential_action _google`
--

INSERT INTO `potential_action _google` (`id`, `google_web_site`, `google_search_action_id`, `created_at`, `updated_at`) VALUES
(1, 1, 1, NULL, NULL);

--
-- Dumping data for table `property_value`
--

INSERT INTO `property_value` (`id`, `value`, `thing_id`, `created_at`, `updated_at`) VALUES
(1, 'http://duodeka.nl/?post_type=job_listing&\r\np=3713', 15, NULL, NULL),
(2, 'http://duodeka.nl/?post_type=job_listing&\r\np=3714', 15, NULL, NULL);

--
-- Dumping data for table `property_value_specification`
--

INSERT INTO `property_value_specification` (`id`, `value_name`, `value_required`, `created_at`, `updated_at`) VALUES
(1, 'search_term_string', 1, NULL, NULL);

--
-- Dumping data for table `quantitative_value`
--

INSERT INTO `quantitative_value` (`id`, `unit_text`, `value`, `created_at`, `updated_at`) VALUES
(1, 'MONTH', 3250, NULL, NULL);

--
-- Dumping data for table `role`
--

INSERT INTO `role` (`id`, `person_id`, `roleable_id`, `roleable_type`, `created_at`, `updated_at`) VALUES
(1, 1, 1, 'App\\Models\\Employee', NULL, NULL),
(2, 2, 2, 'App\\Models\\Employee', NULL, NULL),
(3, 1, 1, 'App\\Models\\Founder', NULL, NULL),
(4, 2, 2, 'App\\Models\\Founder', NULL, NULL),
(5, 3, 3, 'App\\Models\\Founder', NULL, NULL),
(6, 4, 4, 'App\\Models\\Founder', NULL, NULL),
(7, 6, 6, 'App\\Models\\Employee', NULL, NULL),
(8, 9, 9, 'App\\Models\\Employee', NULL, NULL),
(9, 7, 7, 'App\\Models\\Employee', NULL, NULL),
(10, 8, 8, 'App\\Models\\Employee', NULL, NULL),
(11, 10, 10, 'App\\Models\\Employee', NULL, NULL),
(12, 5, 5, 'App\\Models\\Employee', NULL, NULL);

--
-- Dumping data for table `same_as`
--

INSERT INTO `same_as` (`id`, `thing_id`, `url`, `created_at`, `updated_at`) VALUES
(1, 1, 'https://www.facebook.com/duodeka', NULL, NULL),
(2, 1, 'https://www.instagram.com/duodeka', NULL, NULL),
(3, 1, 'https://www.linkedin.com/company/duodeka', NULL, NULL);

--
-- Dumping data for table `search_action_google`
--

INSERT INTO `search_action_google` (`in`, `target`, `query-input`, `created_at`, `updated_at`) VALUES
(1, 'https://duodeka.nl/?s={search_term_string}', 1, NULL, NULL);

--
-- Dumping data for table `site`
--

INSERT INTO `site` (`id`, `thing_id`, `created_at`, `updated_at`) VALUES
(1, 12, NULL, NULL);

--
-- Dumping data for table `thing`
--

INSERT INTO `thing` (`id`, `alternate_name`, `description`, `name`, `url`, `identifier_id`, `main_entity_of_page`, `created_at`, `updated_at`) VALUES
(1, 'XII', '', 'DUODEKA', 'https://duodeka.nl', NULL, '', NULL, NULL),
(2, '', '', '', 'https://www.linkedin.com/in/klavrijssen', NULL, '', NULL, NULL),
(3, '', '', '', 'https://www.linkedin.com/in/rik-van-de-looi', NULL, '', NULL, NULL),
(4, '', '', '', 'https://www.linkedin.com/in/daanschoofs', NULL, '', NULL, NULL),
(5, '', '', '', 'https://www.linkedin.com/in/dion-duimel', NULL, '', NULL, NULL),
(6, '', '', '', 'https://www.linkedin.com/in/david-schulpen', NULL, '', NULL, NULL),
(7, '', '', '', 'https://www.linkedin.com/in/emiel-popelier-870732177', NULL, '', NULL, NULL),
(8, '', '', '', 'https://www.linkedin.com/in/sven-zahharov-a82507158', NULL, '', NULL, NULL),
(9, '', '', '', 'https://www.linkedin.com/in/thijsdejong1995', NULL, '', NULL, NULL),
(10, '', '', '', 'https://www.linkedin.com/in/wesleyvanbergen', NULL, '', NULL, NULL),
(11, '', '', 'Mr. Winston', NULL, NULL, '', NULL, NULL),
(12, '', '', 'DUODEKA - Venture Builder | Digital Transformer', 'https://duodeka.nl', NULL, '', NULL, NULL),
(13, '', '&lt;p&gt;DUODEKA is a Venture Builder started by IT entrepreneurs from Tilburg. We specialize in devising, validating and developing digital products, apps and platforms.&lt;\\/p&gt;\\n&lt;p&gt;Together with entrepreneurs, we develop digital products that are marketed as a separate company.&lt;\\/p&gt;\\n&lt;p&gt;On the one hand, we devise, develop and market our own digital concepts. On the other hand, we develop digital products for SME that digitally transform a business model.&lt;\\/p&gt;\\n&lt;p&gt;To strengthen our current team, we are looking for a (English) frontend developer in Tilburg.&lt;\\/p&gt;\\n&lt;p&gt;Job description&lt;br \\/&gt;\\nAs a (English) frontend developer in Tilburg at DUODEKA you have the opportunity to participate fully in all projects; both for the customer and our own products. These are mainly developed in React or Vue.js (frontend) and Laravel or Meteor (backend).&lt;\\/p&gt;\\n&lt;p&gt;You translate the visual wishes into concrete functionality and design. You understand the flow of an application and can transform it into a perfect UX. You see that the complexity of applications nowadays is shifting more and more from the backend to the frontend and you are not afraid to take on the associated challenges.&lt;\\/p&gt;\\n&lt;p&gt;&lt;em&gt;Do you like all of this? Then read on!&lt;\\/em&gt;&lt;\\/p&gt;\\n&lt;p&gt;&lt;strong&gt;Our MoSCoW list (job requirements)&lt;\\/strong&gt;&lt;br \\/&gt;\\n&lt;em&gt;Must haves&lt;\\/em&gt;&lt;\\/p&gt;\\n&lt;ul&gt;\\n&lt;li&gt;Good command of the Dutch and English language&lt;\\/li&gt;\\n&lt;li&gt;Experience with frontend JavaScript frameworks (React, Vue.js)&lt;\\/li&gt;\\n&lt;li&gt;Very skilled with HTML, css \\/ sass&lt;\\/li&gt;\\n&lt;li&gt;A good eye for UI \\/ UX and Design&lt;\\/li&gt;\\n&lt;li&gt;Being able to solve problems independently&lt;\\/li&gt;\\n&lt;\\/ul&gt;\\n&lt;p&gt;&lt;em&gt;Should haves&lt;\\/em&gt;&lt;\\/p&gt;\\n&lt;ul&gt;\\n&lt;li&gt;Experience with GIT (or other VCS)&lt;\\/li&gt;\\n&lt;li&gt;Translate customer wishes into concrete developments&lt;\\/li&gt;\\n&lt;li&gt;Understanding of commercial and business processes&lt;\\/li&gt;\\n&lt;\\/ul&gt;\\n&lt;p&gt;&lt;em&gt;(very) Nice to have&lt;\\/em&gt;&lt;br \\/&gt;\\nExperience with:&lt;\\/p&gt;\\n&lt;ul&gt;\\n&lt;li&gt;API interfacing (GraphQL or REST)&lt;\\/li&gt;\\n&lt;li&gt;Laravel, MeteorJS&lt;\\/li&gt;\\n&lt;li&gt;SQL (MySQL) or NoSQL (MongoDB) databases&lt;\\/li&gt;\\n&lt;li&gt;Database design, application structures and design patterns&lt;\\/li&gt;\\n&lt;li&gt;Project management (tools such as JIRA)&lt;\\/li&gt;\\n&lt;li&gt;Wordpress&lt;\\/li&gt;\\n&lt;\\/ul&gt;\\n&lt;p&gt;&lt;strong&gt;We offer&lt;\\/strong&gt;&lt;\\/p&gt;\\n&lt;ul&gt;\\n&lt;li&gt;Working in a young company consisting of digital entrepreneurs and programmers&lt;\\/li&gt;\\n&lt;li&gt;Working on custom projects and own SaaS products in the latest technologies&lt;\\/li&gt;\\n&lt;li&gt;A continuous focus on software development that supports (new) revenue models&lt;\\/li&gt;\\n&lt;li&gt;Working with ambitious colleagues who always want to learn new things&lt;\\/li&gt;\\n&lt;li&gt;Fast career opportunities as a project manager, team lead, business analyst and \\/ or product owner&lt;\\/li&gt;\\n&lt;li&gt;Lots of room for innovation, research and personal contribution&lt;\\/li&gt;\\n&lt;li&gt;Business laptop&lt;\\/li&gt;\\n&lt;li&gt;Every Friday: Vrijmibo&lt;\\/li&gt;\\n&lt;li&gt;LAN party events&lt;\\/li&gt;\\n&lt;\\/ul&gt;\\n&lt;p&gt;&lt;strong&gt;Job application&lt;\\/strong&gt;&lt;br \\/&gt;\\nAre you interested in this vacancy and does the profile of (English) frontend developer in Tilburg suit you? Then we would love to hear from you. For more information you can contact Daan Schoofs via the telephone number &lt;strong&gt;06 535 869 00&lt;\\/strong&gt; or via email at &lt;strong&gt;daan@duodeka.nl&lt;\\/strong&gt;.&lt;\\/p&gt;\\n&lt;p&gt;&lt;strong&gt;About DUODEKA&lt;\\/strong&gt;&lt;br \\/&gt;\\nOur team has years of experience with web development (Laravel, Meteor, React, Vue.js) and entrepreneurship. Our team also has expertise in UX \\/ UI, sales and marketing.&lt;\\/p&gt;\\n&lt;p&gt;Do you find it cool to help companies take the next step in digital transformation and develop a new business? Then you have come to the right place. Our commercial software team mainly develops in PHP (Laravel) and Javascript (Meteor). For this we use frontend frameworks such as ReactJS and Vue.JS. Furthermore, we naturally work with programs such as JIRA, Git, Adobe XD, InVision and Visual Studio Code.&lt;\\/p&gt;\\n&lt;p&gt;If you want to know more about the projects in which you are going to work, have a look at &lt;a href=\\\"https:\\/\\/duodeka.nl\\\"&gt;https:\\/\\/duodeka.nl&lt;\\/a&gt;.&lt;\\/p&gt;\\n', 'Frontend developer in Tilburg', 'https://duodeka.nl/vacature/english-frontend-developer-in-tilburg', 2, '', NULL, NULL),
(14, '', '&lt;p&gt;DUODEKA is a Venture Builder started by IT entrepreneurs from Tilburg. We specialize in devising, validating and developing digital products, apps and platforms.&lt;\\/p&gt;\\n&lt;p&gt;Together with entrepreneurs, we develop digital products that are marketed as a separate company.&lt;\\/p&gt;\\n&lt;p&gt;On the one hand, we devise, develop and market our own digital concepts. On the other hand, we develop digital products for SME that digitally transform a business model.&lt;\\/p&gt;\\n&lt;p&gt;To strengthen our current team, we are looking for a (English) full-stack developer in Tilburg.&lt;\\/p&gt;\\n&lt;p&gt;&lt;strong&gt;Job description&lt;\\/strong&gt;&lt;br \\/&gt;\\nAs a (English) full-stack developer in Tilburg at DUODEKA you directly participate in a wide range of projects, including both customized assignments and our own SaaS products. You develop functionality based on the defined requirements and you are a valuable part of the development team. We mainly develop in Laravel or Meteor (backend) and React or Vue.js (frontend).&lt;\\/p&gt;\\n&lt;p&gt;In addition, we offer the opportunity to quickly grow into a management position (team lead, project manager) or to grow as a business analyst (intake, database design, requirements). In short, a lot of room for (software) development!&lt;\\/p&gt;\\n&lt;p&gt;&lt;em&gt;Do you like all\\u00a0 of this? Then read on!&lt;\\/em&gt;&lt;\\/p&gt;\\n&lt;p&gt;&lt;strong&gt;Our MoSCoW list (job requirements)&lt;\\/strong&gt;&lt;br \\/&gt;\\n&lt;em&gt;Must haves&lt;\\/em&gt;&lt;\\/p&gt;\\n&lt;ul&gt;\\n&lt;li&gt;Good command of the Dutch and English language&lt;\\/li&gt;\\n&lt;li&gt;A strong understanding of OOP within a modern MVC framework&lt;\\/li&gt;\\n&lt;li&gt;Experience with SQL (MySQL) or NoSQL (MongoDB) databases&lt;\\/li&gt;\\n&lt;li&gt;Experience with front-end JavaScript frameworks (React, Vue.js)&lt;\\/li&gt;\\n&lt;li&gt;Being able to solve problems independently&lt;\\/li&gt;\\n&lt;\\/ul&gt;\\n&lt;p&gt;&lt;em&gt;Should haves&lt;\\/em&gt;&lt;\\/p&gt;\\n&lt;ul&gt;\\n&lt;li&gt;Experience with GIT (or other VCS)&lt;\\/li&gt;\\n&lt;li&gt;Experience with API interfacing (GraphQL or REST)&lt;\\/li&gt;\\n&lt;li&gt;Understanding of commercial and business processes&lt;\\/li&gt;\\n&lt;\\/ul&gt;\\n&lt;p&gt;&lt;em&gt;(very) Nice to have&lt;\\/em&gt;&lt;br \\/&gt;\\nExperience with:&lt;\\/p&gt;\\n&lt;ul&gt;\\n&lt;li&gt;Laravel, MeteorJS&lt;\\/li&gt;\\n&lt;li&gt;Project management (tools such as JIRA)&lt;\\/li&gt;\\n&lt;li&gt;Database design, application structures and design patterns&lt;\\/li&gt;\\n&lt;li&gt;Translate customer wishes into concrete developments&lt;\\/li&gt;\\n&lt;\\/ul&gt;\\n&lt;p&gt;&lt;strong&gt;We offer&lt;\\/strong&gt;&lt;\\/p&gt;\\n&lt;ul&gt;\\n&lt;li&gt;Working in a young company consisting of digital entrepreneurs and programmers&lt;\\/li&gt;\\n&lt;li&gt;Working on custom projects and own SaaS products in the latest technologies&lt;\\/li&gt;\\n&lt;li&gt;A continuous focus on software development that supports (new) revenue models&lt;\\/li&gt;\\n&lt;li&gt;Working with ambitious colleagues who always want to learn new things&lt;\\/li&gt;\\n&lt;li&gt;Fast career opportunities as a project manager, team lead, business analyst and \\/ or product owner&lt;\\/li&gt;\\n&lt;li&gt;Lots of room for innovation, research and personal contribution&lt;\\/li&gt;\\n&lt;li&gt;Business laptop&lt;\\/li&gt;\\n&lt;li&gt;Every Friday: Vrijmibo&lt;\\/li&gt;\\n&lt;li&gt;LAN party events&lt;\\/li&gt;\\n&lt;\\/ul&gt;\\n&lt;p&gt;&lt;strong&gt;Job application&lt;\\/strong&gt;&lt;br \\/&gt;\\nAre you interested in this vacancy and does the profile of (English) full-stack developer in Tilburg suit you? Then we would love to hear from you. For more information you can contact Daan Schoofs via the telephone number &lt;strong&gt;06 535 869 00&lt;\\/strong&gt; or via email at &lt;strong&gt;daan@duodeka.nl&lt;\\/strong&gt;.&lt;\\/p&gt;\\n&lt;p&gt;&lt;strong&gt;About DUODEKA&lt;\\/strong&gt;&lt;br \\/&gt;\\nOur team has years of experience with web development (Laravel, Meteor, React, Vue.js) and entrepreneurship. Our team also has expertise in UX \\/ UI, sales and marketing.&lt;\\/p&gt;\\n&lt;p&gt;Do you find it cool to help companies take the next step in digital transformation and develop a new business? Then you have come to the right place. Our commercial software team mainly develops in PHP (Laravel) and Javascript (Meteor). For this we use frontend frameworks such as ReactJS and Vue.JS. Furthermore, we naturally work with programs such as JIRA, Git, Adobe XD, InVision and Visual Studio Code.&lt;\\/p&gt;\\n&lt;p&gt;If you want to know more about the projects in which you are going to work, have a look at &lt;a href=\\\"https:\\/\\/duodeka.nl\\\"&gt;https:\\/\\/duodeka.nl&lt;\\/a&gt;.&lt;\\/p&gt;\\n', 'Full-stack developer in Tilburg', 'https://duodeka.nl/vacature/english-full-stack-developer-in-tilburg', 1, '', NULL, NULL),
(15, '', '', 'DUODEKA', NULL, NULL, '', NULL, NULL),
(16, '', '', '', NULL, NULL, '', NULL, NULL),
(17, '', '', '', NULL, NULL, 'https://duodeka.nl/hackathon-tilburg-groot-succes/', NULL, NULL),
(18, '', '', '', NULL, NULL, 'https://duodeka.nl/duodeka-official-meteor-partner/', NULL, NULL),
(19, '', '', '', '', NULL, 'https://duodeka.nl/maak-kennis-met-joey/', NULL, NULL),
(20, '', '', '', NULL, NULL, 'https://duodeka.nl/ontvlechten-met-microservice-architectuur/', NULL, NULL),
(21, '', '', '', NULL, NULL, 'https://duodeka.nl/daan-schoofs-faces-online-interview-nl/', NULL, NULL),
(22, '', '', '', NULL, NULL, 'https://duodeka.nl/online-urenregistratie-planning-voor-jouw-bedrijf/', NULL, NULL),
(23, '', '', '', NULL, NULL, 'https://duodeka.nl/kennismaken-met-david/', NULL, NULL),
(24, '', '', '', NULL, NULL, 'https://duodeka.nl/minimum-viable-product/', NULL, NULL);

--
-- Dumping data for table `web_site`
--

INSERT INTO `web_site` (`id`, `site_id`, `created_at`, `updated_at`) VALUES
(1, 1, NULL, NULL);

--
-- Dumping data for table `web_site_google`
--

INSERT INTO `web_site_google` (`id`, `site_id`, `created_at`, `updated_at`) VALUES
(1, 1, NULL, NULL);
COMMIT;

/*!40101 SET CHARACTER_SET_CLIENT=@OLD_CHARACTER_SET_CLIENT */;
/*!40101 SET CHARACTER_SET_RESULTS=@OLD_CHARACTER_SET_RESULTS */;
/*!40101 SET COLLATION_CONNECTION=@OLD_COLLATION_CONNECTION */;
